,Ensembl.ID,HGNC.ID,HGNC.symbol,Mut.Freq,RelEffect,AbsEffect,p
1,ENSG00000121879,HGNC:8975,PIK3CA,328,0.345787985,744.0998336,0.005
2,ENSG00000198626,HGNC:10484,RYR2,85,4.207954157,121.5234772,0.005
3,ENSG00000151914,HGNC:1090,DST,75,0.810777971,7603.923904,0.005
4,ENSG00000163554,HGNC:11272,SPTA1,57,0.843171877,12.33051766,0.005025126
5,ENSG00000039068,HGNC:1748,CDH1,55,1.043969794,15585.81786,0.005
6,ENSG00000127603,HGNC:13664,MACF1,43,1.600194802,12841.2051,0.005
7,ENSG00000084674,HGNC:603,APOB,42,37.69887771,19.92136529,0.005
8,ENSG00000081479,HGNC:6694,LRP2,40,2.038013069,5082.172344,0.005
9,ENSG00000085224,HGNC:886,ATRX,39,0.359271741,2133.592441,0.005235602
10,ENSG00000127914,HGNC:379,AKAP9,37,-0.662251158,-21957.52791,0.005
11,ENSG00000196712,HGNC:7765,NF1,36,5.059854012,7075.277791,0.005235602
12,ENSG00000065526,HGNC:17575,SPEN,35,1.822539385,4250.230221,0.005
13,ENSG00000166147,HGNC:3603,FBN1,34,7.633047861,15482.57377,0.005
14,ENSG00000165124,HGNC:15985,SVEP1,33,1.062376904,773.8409938,0.005
15,ENSG00000111642,HGNC:1919,CHD4,32,0.205198189,3429.260221,0.025
16,ENSG00000152818,HGNC:12635,UTRN,30,9.464904844,5506.285979,0.005
17,ENSG00000198734,HGNC:3542,F5,30,2.377713095,193.788459,0.02
18,ENSG00000153707,HGNC:9668,PTPRD,30,-2.205896081,1508.761437,0.04
19,ENSG00000123384,HGNC:6692,LRP1,29,9.982511975,24709.41149,0.005
20,ENSG00000166963,HGNC:6835,MAP1A,29,3.573477014,1302.940114,0.005
21,ENSG00000065559,HGNC:6844,MAP2K4,28,0.746543286,1001.479292,0.04
22,ENSG00000142208,HGNC:391,AKT1,27,0.514225066,5081.256894,0.005235602
23,ENSG00000185010,HGNC:3546,F8,27,-0.595788733,-1480.950639,0.02
24,ENSG00000042832,HGNC:11764,TG,26,4.192093843,70.05460452,0.005
25,ENSG00000149311,HGNC:795,ATM,25,4.562617712,2396.868058,0.005
26,ENSG00000101680,HGNC:6481,LAMA1,24,4.369950389,330.5574967,0.005
27,ENSG00000127329,HGNC:9665,PTPRB,24,1.83371949,1538.254578,0.005
28,ENSG00000178209,HGNC:9069,PLEC,24,0.554148602,9368.296943,0.005076142
29,ENSG00000038427,HGNC:2464,VCAN,23,2.048457066,16525.61321,0.005
30,ENSG00000134982,HGNC:583,APC,23,1.559688529,1346.884515,0.020942408
31,ENSG00000065534,HGNC:7590,MYLK,23,1.243209454,4132.391215,0.005208333
32,ENSG00000118058,HGNC:7132,KMT2A,23,0.889178285,2384.589788,0.005
33,ENSG00000142798,HGNC:5273,HSPG2,22,14.4753087,17764.87741,0.005
34,ENSG00000100503,HGNC:14906,NIN,22,1.540668078,2161.872843,0.005
35,ENSG00000130396,HGNC:7137,AFDN,22,0.995157499,3900.52262,0.005235602
36,ENSG00000096433,HGNC:6182,ITPR3,22,0.843371226,2741.743819,0.005154639
37,ENSG00000196367,HGNC:12347,TRRAP,22,0.759431493,2868.675272,0.005
38,ENSG00000167522,HGNC:21316,ANKRD11,22,0.504255075,1578.138957,0.005154639
39,ENSG00000137076,HGNC:11845,TLN1,22,0.406877317,7075.516934,0.02
40,ENSG00000079102,HGNC:1535,RUNX1T1,22,-0.842282344,-1998.548642,0.015151515
41,ENSG00000169946,HGNC:16700,ZFPM2,21,17.54380129,389.4492443,0.005
42,ENSG00000159216,HGNC:10471,RUNX1,21,12.13214088,10676.80078,0.02
43,ENSG00000134250,HGNC:7882,NOTCH2,21,2.218412869,10127.18495,0.005235602
44,ENSG00000007314,HGNC:10591,SCN4A,21,1.620167893,78.69703336,0.005
45,ENSG00000029534,HGNC:492,ANK1,20,32.53427767,452.8635504,0.005235602
46,ENSG00000001626,HGNC:1884,CFTR,20,10.93547817,57.16354901,0.005
47,ENSG00000225830,HGNC:3438,ERCC6,20,4.851821466,756.8203735,0.031413613
48,ENSG00000079841,HGNC:17282,RIMS1,20,1.219105963,107.5540602,0.005
49,ENSG00000110799,HGNC:12726,VWF,20,0.75827696,4968.040535,0.005076142
50,ENSG00000070961,HGNC:814,ATP2B1,20,0.508201456,1021.101398,0.005
51,ENSG00000139687,HGNC:9884,RB1,20,0.497514631,1475.884387,0.005076142
52,ENSG00000138162,HGNC:11523,TACC2,20,0.419027,1064.016508,0.005
53,ENSG00000112769,HGNC:6484,LAMA4,20,0.413129521,1759.741936,0.03
54,ENSG00000198646,HGNC:15936,NCOA6,20,0.287235058,1181.122631,0.005235602
55,ENSG00000142949,HGNC:9670,PTPRF,20,-0.434150707,-34519.56002,0.025773196
56,ENSG00000176406,HGNC:17283,RIMS2,19,67.283687,240.5585805,0.005
57,ENSG00000197565,HGNC:2208,COL4A6,19,9.165452316,594.574515,0.03
58,ENSG00000273079,HGNC:4586,GRIN2B,19,3.7814346,18.91918067,0.02
59,ENSG00000107186,HGNC:7208,MPDZ,19,0.939977652,1025.009575,0.005
60,ENSG00000188153,HGNC:2207,COL4A5,19,0.580002699,1303.352186,0.015
61,ENSG00000137474,HGNC:7606,MYO7A,19,0.312110561,134.4705559,0.03
62,ENSG00000082898,HGNC:12825,XPO1,19,0.148893456,1508.017084,0.005235602
63,ENSG00000128591,HGNC:3756,FLNC,19,-0.486726,-1134.233399,0.020725389
64,ENSG00000142449,HGNC:18794,FBN3,19,-1.546723603,589.652527,0.02
65,ENSG00000161681,HGNC:15474,SHANK1,19,-3.555231025,80.60168003,0.020942408
66,ENSG00000081052,HGNC:2206,COL4A4,18,30.14247707,181.2441144,0.005
67,ENSG00000067369,HGNC:11999,TP53BP1,18,1.916570753,2220.11861,0.005
68,ENSG00000131626,HGNC:9245,PPFIA1,18,0.942905637,2609.533878,0.005
69,ENSG00000012048,HGNC:1100,BRCA1,18,0.595919862,461.7294684,0.045685279
70,ENSG00000094631,HGNC:14064,HDAC6,18,0.476877056,1059.177863,0.005
71,ENSG00000147162,HGNC:8127,OGT,18,-0.394224005,-6080.938581,0.020942408
72,ENSG00000146648,HGNC:3236,EGFR,17,6.011997384,4279.452927,0.005235602
73,ENSG00000147255,HGNC:5948,IGSF1,17,4.369873063,1519.284668,0.005235602
74,ENSG00000163629,HGNC:9646,PTPN13,17,2.860517914,2126.186606,0.005
75,ENSG00000106278,HGNC:9685,PTPRZ1,17,2.689000068,210.4911497,0.020942408
76,ENSG00000018236,HGNC:2171,CNTN1,17,2.479515924,566.8719511,0.045
77,ENSG00000169031,HGNC:2204,COL4A3,17,2.377300721,50.87343082,0.005
78,ENSG00000174469,HGNC:13830,CNTNAP2,17,1.272114259,1129.258074,0.005
79,ENSG00000100393,HGNC:3373,EP300,17,1.221715446,4093.092129,0.005154639
80,ENSG00000185008,HGNC:10250,ROBO2,17,0.659072444,281.5607769,0.04040404
81,ENSG00000102974,HGNC:13723,CTCF,17,0.628822494,1733.974882,0.005
82,ENSG00000112282,HGNC:2372,MED23,17,0.390459633,1095.502514,0.005
83,ENSG00000153201,HGNC:9848,RANBP2,17,0.299578039,2693.064834,0.005
84,ENSG00000101868,HGNC:9173,POLA1,17,0.204077924,263.3488723,0.020618557
85,ENSG00000197081,HGNC:5467,IGF2R,17,-0.571518873,-13446.80663,0.005154639
86,ENSG00000170776,HGNC:371,AKAP13,17,-76.24957257,8725.714691,0.020942408
87,ENSG00000198932,HGNC:24834,GPRASP1,16,211.6174231,435.8120522,0.005235602
88,ENSG00000077522,HGNC:164,ACTN2,16,3.008346828,100.4632595,0.005
89,ENSG00000164692,HGNC:2198,COL1A2,16,1.733853279,174362.1308,0.005
90,ENSG00000089250,HGNC:7872,NOS1,16,1.456258779,11.26545237,0.005
91,ENSG00000198753,HGNC:9105,PLXNB3,16,1.020514043,752.795814,0.010309278
92,ENSG00000136869,HGNC:11850,TLR4,16,0.933036619,475.4086681,0.005
93,ENSG00000145675,HGNC:8979,PIK3R1,16,0.718238916,3417.801329,0.005
94,ENSG00000141367,HGNC:2092,CLTC,16,0.712618828,17864.82627,0.005
95,ENSG00000197694,HGNC:11273,SPTAN1,16,0.584070623,8909.811754,0.015
96,ENSG00000114127,HGNC:30654,XRN1,16,0.511337264,914.6399539,0.005
97,ENSG00000167306,HGNC:7603,MYO5B,16,0.377316827,1542.14077,0.020942408
98,ENSG00000139618,HGNC:1101,BRCA2,16,0.293561341,212.2813354,0.03
99,ENSG00000085511,HGNC:6856,MAP3K4,16,0.227940615,358.4106113,0.031413613
100,ENSG00000263528,HGNC:14552,IKBKE,16,-0.218756414,-329.814894,0.047120419
101,ENSG00000111859,HGNC:7733,NEDD9,16,-2.70684087,5494.785989,0.01
102,ENSG00000182901,HGNC:10003,RGS7,15,58.97979888,41.60121277,0.005
103,ENSG00000112818,HGNC:7015,MEP1A,15,16.97720662,6.05056759,0.005235602
104,ENSG00000166501,HGNC:9395,PRKCB,15,6.863799921,510.0382782,0.005235602
105,ENSG00000075340,HGNC:244,ADD2,15,3.767436929,296.1139357,0.005
106,ENSG00000164418,HGNC:4580,GRIK2,15,3.020435946,55.57895007,0.005
107,ENSG00000116962,HGNC:7821,NID1,15,1.372397246,4502.242926,0.02
108,ENSG00000136068,HGNC:3755,FLNB,15,1.166935903,24483.03148,0.005235602
109,ENSG00000198286,HGNC:16393,CARD11,15,1.040377238,253.4762951,0.005
110,ENSG00000137497,HGNC:8059,NUMA1,15,0.788223487,9762.744767,0.005
111,ENSG00000127616,HGNC:11100,SMARCA4,15,0.517282795,3804.659969,0.005
112,ENSG00000116641,HGNC:19190,DOCK7,15,0.34142693,1000.9402,0.010471204
113,ENSG00000125351,HGNC:20439,UPF3B,15,-0.357596201,-533.5987706,0.031413613
114,ENSG00000101004,HGNC:29163,NINL,15,-0.637585861,-1750.089279,0.005154639
115,ENSG00000114270,HGNC:2214,COL7A1,15,-2.206672868,3644.805649,0.021978022
116,ENSG00000133124,HGNC:6128,IRS4,14,145.1857245,117.1050586,0.005464481
117,ENSG00000149294,HGNC:7656,NCAM1,14,9.404306881,333.9489554,0.005
118,ENSG00000116711,HGNC:9035,PLA2G4A,14,6.503028938,322.2378612,0.005
119,ENSG00000106571,HGNC:4319,GLI3,14,6.380586876,3389.471781,0.01
120,ENSG00000160255,HGNC:6155,ITGB2,14,2.360676037,4281.280893,0.005
121,ENSG00000173482,HGNC:9675,PTPRM,14,1.972012084,1882.342566,0.005235602
122,ENSG00000120156,HGNC:11724,TEK,14,1.943849279,474.5719038,0.005
123,ENSG00000110693,HGNC:16421,SOX6,14,1.588004953,217.7900947,0.005
124,ENSG00000138378,HGNC:11365,STAT4,14,1.563586203,202.038316,0.036649215
125,ENSG00000065618,HGNC:2194,COL17A1,14,1.328471077,1557.154329,0.005
126,ENSG00000100852,HGNC:675,ARHGAP5,14,0.636064439,2520.521249,0.005
127,ENSG00000112851,HGNC:15842,ERBIN,14,0.474094361,2925.207342,0.005
128,ENSG00000107554,HGNC:30373,DNMBP,14,0.444731785,582.3846895,0.035
129,ENSG00000144283,HGNC:9026,PKP4,14,0.432348319,2345.969369,0.005076142
130,ENSG00000198373,HGNC:16804,WWP2,14,0.312339582,900.8223533,0.005
131,ENSG00000156976,HGNC:3284,EIF4A2,14,0.251221331,3772.708107,0.005
132,ENSG00000136861,HGNC:18672,CDK5RAP2,14,-0.053136535,-234.2969676,0.025
133,ENSG00000102081,HGNC:3775,FMR1,14,-0.229852445,-1400.529201,0.031088083
134,ENSG00000080345,HGNC:23207,RIF1,14,-0.548387965,-7241.700285,0.005154639
135,ENSG00000115183,HGNC:29364,TANC1,14,-7.581581311,3623.632069,0.010471204
136,ENSG00000182752,HGNC:8602,PAPPA,14,-18.38461457,253.7769965,0.005
137,ENSG00000148053,HGNC:8032,NTRK2,14,-1620.906957,4261.492533,0.005
138,ENSG00000081237,HGNC:9666,PTPRC,13,4.54560332,3907.860973,0.005
139,ENSG00000110076,HGNC:8009,NRXN2,13,2.598066611,186.6080122,0.005
140,ENSG00000064692,HGNC:11139,SNCAIP,13,2.421726706,190.7949695,0.005
141,ENSG00000099139,HGNC:8747,PCSK5,13,2.317320461,450.161984,0.005
142,ENSG00000149970,HGNC:19701,CNKSR2,13,2.110639022,49.10705468,0.005181347
143,ENSG00000177189,HGNC:10432,RPS6KA3,13,1.319617311,1285.328948,0.005181347
144,ENSG00000104067,HGNC:11827,TJP1,13,1.304279873,2931.39466,0.005
145,ENSG00000124181,HGNC:9065,PLCG1,13,0.879368187,2379.877226,0.005
146,ENSG00000083168,HGNC:13013,KAT6A,13,0.743070413,2356.856447,0.015228426
147,ENSG00000058272,HGNC:7618,PPP1R12A,13,0.662530381,1504.549386,0.005235602
148,ENSG00000162231,HGNC:8071,NXF1,13,0.404003212,1485.931868,0.005
149,ENSG00000204628,HGNC:4399,RACK1,13,0.332450108,15582.02687,0.015
150,ENSG00000035928,HGNC:9969,RFC1,13,0.251514406,765.0915438,0.015
151,ENSG00000151461,HGNC:17854,UPF2,13,0.221756007,576.2394145,0.030456853
152,ENSG00000163781,HGNC:17008,TOPBP1,13,-0.328527895,-1535.965715,0.005076142
153,ENSG00000070018,HGNC:6698,LRP6,13,-0.357788572,-1648.028383,0.035
154,ENSG00000008300,HGNC:3230,CELSR3,13,-0.490900531,-1334.972348,0.02
155,ENSG00000074047,HGNC:4318,GLI2,12,5.535183589,247.0602596,0.005235602
156,ENSG00000108821,HGNC:2197,COL1A1,12,4.772497258,379033.3614,0.005
157,ENSG00000106366,HGNC:8583,SERPINE1,12,3.202434628,4078.630031,0.005
158,ENSG00000179915,HGNC:8008,NRXN1,12,2.134680285,123.1166498,0.005
159,ENSG00000205726,HGNC:6183,ITSN1,12,1.998637719,1762.041428,0.020942408
160,ENSG00000187498,HGNC:2202,COL4A1,12,1.907129894,17285.64193,0.005
161,ENSG00000168542,HGNC:2201,COL3A1,12,1.868195083,153683.2902,0.005
162,ENSG00000185002,HGNC:21478,RFX6,12,1.793686011,24.41594834,0.005
163,ENSG00000077782,HGNC:3688,FGFR1,12,1.459358149,6784.425474,0.005
164,ENSG00000064393,HGNC:14402,HIPK2,12,1.198535061,3251.806361,0.005
165,ENSG00000067900,HGNC:10251,ROCK1,12,1.084627002,2080.536083,0.005
166,ENSG00000108654,HGNC:2746,DDX5,12,1.021732383,22064.26401,0.005
167,ENSG00000079819,HGNC:3379,EPB41L2,12,0.939837075,1811.337584,0.005
168,ENSG00000082684,HGNC:10737,SEMA5B,12,0.906760053,79.36976774,0.005
169,ENSG00000073614,HGNC:9886,KDM5A,12,0.791482816,2035.422764,0.005
170,ENSG00000105976,HGNC:7029,MET,12,0.76568095,753.3085808,0.015
171,ENSG00000138448,HGNC:6150,ITGAV,12,0.738460261,6130.822913,0.005
172,ENSG00000196576,HGNC:9104,PLXNB2,12,0.570459063,10809.29972,0.005
173,ENSG00000204301,HGNC:7884,NOTCH4,12,0.534661011,566.0959949,0.005
174,ENSG00000171132,HGNC:9401,PRKCE,12,0.497982695,272.4373829,0.02
175,ENSG00000099991,HGNC:24187,CABIN1,12,0.490783814,1709.634122,0.015
176,ENSG00000166888,HGNC:11368,STAT6,12,0.387240696,2521.648099,0.035
177,ENSG00000135503,HGNC:172,ACVR1B,12,0.376026316,1024.491811,0.005
178,ENSG00000140396,HGNC:7669,NCOA2,12,0.367463971,1223.529368,0.005154639
179,ENSG00000072501,HGNC:11111,SMC1A,12,0.227424952,1685.429847,0.036082474
180,ENSG00000122778,HGNC:22219,KIAA1549,12,0.090328627,109.7517537,0.02
181,ENSG00000129675,HGNC:685,ARHGEF6,12,-0.347432355,-1655.75738,0.03
182,ENSG00000102103,HGNC:9330,PQBP1,12,-0.39144475,-1931.076798,0.020942408
183,ENSG00000112659,HGNC:15982,CUL9,12,-0.516134297,-2708.83212,0.005
184,ENSG00000147010,HGNC:13867,SH3KBP1,12,-0.806763524,-10741.2463,0.005263158
185,ENSG00000132326,HGNC:8846,PER2,12,-14.3974318,2488.243157,0.005
186,ENSG00000169554,HGNC:14881,ZEB2,12,-21.24756338,2353.774547,0.005
187,ENSG00000184408,HGNC:6238,KCND2,11,16.96708713,429.7024651,0.005
188,ENSG00000103449,HGNC:10524,SALL1,11,16.77282927,98.81921848,0.005
189,ENSG00000044524,HGNC:3387,EPHA3,11,8.970604904,429.7411091,0.005
190,ENSG00000148848,HGNC:190,ADAM12,11,5.916640717,5443.093982,0.005235602
191,ENSG00000124788,HGNC:10548,ATXN1,11,4.988714523,2703.319223,0.005
192,ENSG00000140443,HGNC:5465,IGF1R,11,4.578189184,13826.69595,0.005
193,ENSG00000152208,HGNC:4576,GRID2,11,4.53732364,9.692480944,0.005
194,ENSG00000164404,HGNC:4224,GDF9,11,4.30715522,485.0438012,0.005
195,ENSG00000162692,HGNC:12663,VCAM1,11,4.166341342,2606.986554,0.005
196,ENSG00000134215,HGNC:12659,VAV3,11,2.178676014,7272.438757,0.005
197,ENSG00000150672,HGNC:2901,DLG2,11,1.234579606,119.2324983,0.005
198,ENSG00000121741,HGNC:12989,ZMYM2,11,1.191407422,4451.991657,0.005154639
199,ENSG00000134853,HGNC:8803,PDGFRA,11,1.14306194,1474.562914,0.02
200,ENSG00000116016,HGNC:3374,EPAS1,11,1.103134505,5354.738946,0.005
201,ENSG00000134871,HGNC:2203,COL4A2,11,1.101274567,15125.09296,0.005
202,ENSG00000180182,HGNC:2370,MED14,11,0.999012681,1876.652978,0.005181347
203,ENSG00000081026,HGNC:29647,MAGI3,11,0.941438712,1354.08275,0.005154639
204,ENSG00000111676,HGNC:3033,ATN1,11,0.911235503,9227.862884,0.005235602
205,ENSG00000082641,HGNC:7781,NFE2L1,11,0.821361859,9647.913716,0.005235602
206,ENSG00000134954,HGNC:3488,ETS1,11,0.74568771,2691.708088,0.005154639
207,ENSG00000155506,HGNC:29531,LARP1,11,0.72748593,6543.278879,0.005235602
208,ENSG00000126217,HGNC:14576,MCF2L,11,0.489480533,1205.100411,0.015
209,ENSG00000102606,HGNC:15607,ARHGEF7,11,0.455190495,1146.540368,0.005076142
210,ENSG00000113522,HGNC:9816,RAD50,11,0.430202217,1466.347212,0.005
211,ENSG00000157540,HGNC:3091,DYRK1A,11,0.426833541,1489.633101,0.005181347
212,ENSG00000060656,HGNC:9683,PTPRU,11,0.316402178,983.6803132,0.047120419
213,ENSG00000153147,HGNC:11101,SMARCA5,11,0.291989938,2526.415896,0.005
214,ENSG00000135829,HGNC:2750,DHX9,11,0.205050965,2206.614613,0.005
215,ENSG00000115310,HGNC:14085,RTN4,11,0.18685658,3068.925193,0.025
216,ENSG00000183765,HGNC:16627,CHEK2,11,-0.472902877,-660.0196376,0.015
217,ENSG00000125730,HGNC:1318,C3,11,-0.817892938,-161165.69,0.005263158
218,ENSG00000073282,HGNC:15979,TP63,10,4.524084268,732.6149187,0.005
219,ENSG00000102468,HGNC:5293,HTR2A,10,3.563744675,22.79191912,0.005
220,ENSG00000184144,HGNC:2172,CNTN2,10,2.483736701,57.87508739,0.005
221,ENSG00000151208,HGNC:2904,DLG5,10,2.290777682,4408.963285,0.005
222,ENSG00000107282,HGNC:578,APBA1,10,1.671134025,256.3287487,0.005235602
223,ENSG00000130402,HGNC:166,ACTN4,10,1.643950454,20095.12279,0.005181347
224,ENSG00000171105,HGNC:6091,INSR,10,1.558797509,4359.458674,0.015
225,ENSG00000128656,HGNC:1943,CHN1,10,1.528134191,531.7132997,0.005
226,ENSG00000169896,HGNC:6149,ITGAM,10,1.261079439,767.1521609,0.03
227,ENSG00000197635,HGNC:3009,DPP4,10,1.054091726,319.3443325,0.005
228,ENSG00000057657,HGNC:9346,PRDM1,10,0.878010002,567.5053522,0.02
229,ENSG00000169375,HGNC:19353,SIN3A,10,0.860376733,2780.573544,0.005
230,ENSG00000116833,HGNC:7984,NR5A2,10,0.858285219,100.0278204,0.005
231,ENSG00000005884,HGNC:6139,ITGA3,10,0.74065969,2761.972258,0.005464481
232,ENSG00000118898,HGNC:9273,PPL,10,0.686574907,1868.271558,0.005
233,ENSG00000198561,HGNC:2515,CTNND1,10,0.654110826,8851.684184,0.005
234,ENSG00000182568,HGNC:10541,SATB1,10,0.63421834,530.6822735,0.010362694
235,ENSG00000082397,HGNC:3380,EPB41L3,10,0.633433352,866.524881,0.005
236,ENSG00000148516,HGNC:11642,ZEB1,10,0.55383116,710.5289536,0.02020202
237,ENSG00000080845,HGNC:24476,DLGAP4,10,0.523823367,2384.751532,0.005
238,ENSG00000150760,HGNC:2987,DOCK1,10,0.504783447,1911.401905,0.02617801
239,ENSG00000080298,HGNC:9984,RFX3,10,0.480397623,397.6777377,0.005235602
240,ENSG00000129351,HGNC:6038,ILF3,10,0.472248663,5523.53415,0.005
241,ENSG00000151490,HGNC:9678,PTPRO,10,0.449177802,76.91246269,0.005
242,ENSG00000035403,HGNC:12665,VCL,10,0.406045177,3033.561989,0.047120419
243,ENSG00000105397,HGNC:12440,TYK2,10,0.296377318,943.1873172,0.015
244,ENSG00000115053,HGNC:7667,NCL,10,0.284517201,8450.07245,0.005235602
245,ENSG00000020256,HGNC:15940,ZFP64,10,0.259899006,299.8613683,0.015
246,ENSG00000168066,HGNC:12950,SF1,10,0.25338022,2842.257952,0.005
247,ENSG00000204843,HGNC:2711,DCTN1,10,0.23242959,1860.893914,0.005
248,ENSG00000132842,HGNC:566,AP3B1,10,0.203981991,1002.12221,0.02
249,ENSG00000170579,HGNC:2905,DLGAP1,10,-0.346709934,-199.2755034,0.04
250,ENSG00000010671,HGNC:1133,BTK,10,-0.506327205,-559.4849673,0.01
251,ENSG00000165029,HGNC:29,ABCA1,10,-2.411090938,4135.50667,0.020942408
252,ENSG00000265972,HGNC:16952,TXNIP,10,-3.075403225,49658.76341,0.02617801
253,ENSG00000144935,HGNC:12333,TRPC1,10,-4.691399641,328.3770701,0.020942408
254,ENSG00000172349,HGNC:5980,IL16,10,-19.03037948,1447.997715,0.005025126
255,ENSG00000124491,HGNC:3531,F13A1,10,-51.36578503,3599.329539,0.005
256,ENSG00000133216,HGNC:3393,EPHB2,10,-231.8264392,882.4598337,0.015706806
257,ENSG00000185247,HGNC:6798,MAGEA11,9,13.95160039,16.62498149,0.005235602
258,ENSG00000105851,HGNC:8978,PIK3CG,9,8.414057677,280.9064603,0.005
259,ENSG00000145794,HGNC:29634,MEGF10,9,7.085008886,320.8518635,0.005235602
260,ENSG00000022267,HGNC:3702,FHL1,9,4.405149649,2009.812054,0.005
261,ENSG00000101076,HGNC:5024,HNF4A,9,4.154730707,3.27796314,0.005
262,ENSG00000113263,HGNC:6171,ITK,9,3.879584471,306.4787453,0.005
263,ENSG00000138039,HGNC:6585,LHCGR,9,3.24676202,2.583219326,0.005464481
264,ENSG00000168918,HGNC:6079,INPP5D,9,2.914422573,1287.686834,0.005235602
265,ENSG00000163565,HGNC:5395,IFI16,9,2.912416113,3938.001957,0.005
266,ENSG00000008056,HGNC:11494,SYN1,9,2.388561191,146.9057651,0.005235602
267,ENSG00000091409,HGNC:6142,ITGA6,9,1.995845558,4669.374174,0.005
268,ENSG00000166068,HGNC:20249,SPRED1,9,1.889946526,1776.257634,0.005235602
269,ENSG00000164867,HGNC:7876,NOS3,9,1.726339359,455.0848383,0.005235602
270,ENSG00000181222,HGNC:9187,POLR2A,9,1.648202092,10073.98286,0.005235602
271,ENSG00000130816,HGNC:2976,DNMT1,9,1.560192863,4048.165102,0.005
272,ENSG00000074181,HGNC:7883,NOTCH3,9,1.497864368,10003.51494,0.005235602
273,ENSG00000140262,HGNC:11623,TCF12,9,1.375263089,2777.715601,0.005
274,ENSG00000143549,HGNC:12012,TPM3,9,1.096080394,16026.17071,0.010309278
275,ENSG00000088053,HGNC:14388,GP6,9,1.027577703,12.21138547,0.015
276,ENSG00000139613,HGNC:11105,SMARCC2,9,0.958618786,2979.487283,0.031413613
277,ENSG00000162434,HGNC:6190,JAK1,9,0.774666754,5084.015768,0.005
278,ENSG00000078053,HGNC:471,AMPH,9,0.697963582,221.2637673,0.005
279,ENSG00000119772,HGNC:2978,DNMT3A,9,0.690840013,1325.093353,0.015706806
280,ENSG00000127946,HGNC:4913,HIP1,9,0.681619649,2279.151036,0.005
281,ENSG00000134352,HGNC:6021,IL6ST,9,0.650415881,11514.88723,0.02
282,ENSG00000116584,HGNC:682,ARHGEF2,9,0.638510081,2795.436958,0.005154639
283,ENSG00000128052,HGNC:6307,KDR,9,0.610915756,889.7590968,0.015
284,ENSG00000165458,HGNC:6080,INPPL1,9,0.603635947,4008.366125,0.005
285,ENSG00000177731,HGNC:3750,FLII,9,0.537650919,3542.867116,0.005
286,ENSG00000091831,HGNC:3467,ESR1,9,0.535136167,9740.768896,0.035
287,ENSG00000101040,HGNC:9397,ZMYND8,9,0.505685452,1683.611712,0.03
288,ENSG00000101849,HGNC:11585,TBL1X,9,0.327241056,884.421067,0.015
289,ENSG00000130726,HGNC:16384,TRIM28,9,0.266664138,5767.054978,0.01
290,ENSG00000014216,HGNC:1476,CAPN1,9,0.25898494,2763.699799,0.041237113
291,ENSG00000170581,HGNC:11363,STAT2,9,0.231664629,1453.999065,0.025
292,ENSG00000175387,HGNC:6768,SMAD2,9,0.228302558,1027.452068,0.005235602
293,ENSG00000126777,HGNC:6467,KTN1,9,0.199748366,4108.641026,0.01
294,ENSG00000067560,HGNC:667,RHOA,9,0.189513331,5697.224216,0.005
295,ENSG00000096401,HGNC:1743,CDC5L,9,0.181875661,612.9941165,0.035532995
296,ENSG00000196504,HGNC:16463,PRPF40A,9,0.177971188,1558.744531,0.005235602
297,ENSG00000108395,HGNC:7523,TRIM37,9,0.161970421,393.8776715,0.01
298,ENSG00000122779,HGNC:11812,TRIM24,9,-0.187275027,-654.5240852,0.005
299,ENSG00000129315,HGNC:1599,CCNT1,9,-0.193423405,-574.0081979,0.015463918
300,ENSG00000120071,HGNC:24565,KANSL1,9,-0.224552433,-1037.98693,0.045
301,ENSG00000181789,HGNC:2236,COPG1,9,-0.253657514,-6099.388116,0.025
302,ENSG00000109686,HGNC:30418,SH3D19,9,-0.302788946,-1599.057046,0.030456853
303,ENSG00000014138,HGNC:30073,POLA2,9,-0.348190446,-847.0258405,0.005
304,ENSG00000107771,HGNC:29197,CCSER2,9,-0.38622719,-2782.943706,0.036649215
305,ENSG00000072133,HGNC:10435,RPS6KA6,9,-0.452822058,-606.9032257,0.015
306,ENSG00000071242,HGNC:10431,RPS6KA2,9,-0.596544316,-3584.457032,0.035
307,ENSG00000081189,HGNC:6996,MEF2C,9,-2.579693296,3804.589475,0.005
308,ENSG00000049246,HGNC:8847,PER3,9,-3.023756066,2550.081069,0.005
309,ENSG00000120549,HGNC:25428,KIAA1217,9,-3.308338731,13596.53482,0.005
310,ENSG00000074590,HGNC:14311,NUAK1,9,-6.532678069,2292.535969,0.005
311,ENSG00000122025,HGNC:3765,FLT3,9,-42.48284525,416.4123355,0.005
312,ENSG00000198033,HGNC:12408,TUBA3C,8,57.37729821,18.63505832,0.005
313,ENSG00000167768,HGNC:6412,KRT1,8,9.30638249,768.3633222,0.005
314,ENSG00000077264,HGNC:8592,PAK3,8,6.604473023,126.9693575,0.005
315,ENSG00000138741,HGNC:12335,TRPC3,8,5.705210652,18.18134311,0.005
316,ENSG00000184304,HGNC:9407,PRKD1,8,3.863198361,278.922047,0.005
317,ENSG00000149948,HGNC:5009,HMGA2,8,3.235549315,50.97596047,0.005
318,ENSG00000161270,HGNC:7908,NPHS1,8,3.196426472,14.51108605,0.005
319,ENSG00000100368,HGNC:2436,CSF2RB,8,2.44023189,727.2097466,0.005
320,ENSG00000106123,HGNC:3396,EPHB6,8,2.308682789,505.7515984,0.005235602
321,ENSG00000175899,HGNC:7,A2M,8,2.234102135,42516.99086,0.005
322,ENSG00000162337,HGNC:6697,LRP5,8,1.966954903,5189.238123,0.005
323,ENSG00000123416,HGNC:18809,TUBA1B,8,1.688128518,10178.72562,0.005235602
324,ENSG00000148737,HGNC:11641,TCF7L2,8,1.626039245,1219.837386,0.005
325,ENSG00000135903,HGNC:8617,PAX3,8,1.504741695,13.102459,0.005
326,ENSG00000165731,HGNC:9967,RET,8,1.469377796,2545.565452,0.005
327,ENSG00000172020,HGNC:4140,GAP43,8,1.429855916,19.67733144,0.005
328,ENSG00000171608,HGNC:8977,PIK3CD,8,1.425892085,718.81622,0.01
329,ENSG00000169083,HGNC:644,AR,8,0.993066911,5652.985737,0.005
330,ENSG00000132334,HGNC:9669,PTPRE,8,0.990031267,751.2865494,0.015
331,ENSG00000069869,HGNC:7727,NEDD4,8,0.953708292,622.3641838,0.015
332,ENSG00000184937,HGNC:12796,WT1,8,0.919723848,172.6051471,0.010152284
333,ENSG00000132470,HGNC:6158,ITGB4,8,0.9123266,6467.772578,0.005235602
334,ENSG00000120690,HGNC:3316,ELF1,8,0.852718907,2243.101679,0.005
335,ENSG00000096968,HGNC:6192,JAK2,8,0.844753453,583.3112782,0.005
336,ENSG00000151693,HGNC:2721,ASAP2,8,0.823621767,567.8060431,0.005154639
337,ENSG00000185359,HGNC:4897,HGS,8,0.804554221,2589.626998,0.005235602
338,ENSG00000072832,HGNC:2365,CRMP1,8,0.788261677,416.1761909,0.005
339,ENSG00000159459,HGNC:16808,UBR1,8,0.769046661,1435.877532,0.005
340,ENSG00000182473,HGNC:23214,EXOC7,8,0.696726328,1742.092092,0.005
341,ENSG00000008294,HGNC:14524,SPAG9,8,0.66725504,2191.454477,0.005154639
342,ENSG00000079805,HGNC:2974,DNM2,8,0.657240424,3303.006385,0.005235602
343,ENSG00000104814,HGNC:6863,MAP4K1,8,0.654502509,229.992203,0.005
344,ENSG00000196498,HGNC:7673,NCOR2,8,0.636481189,4681.563126,0.005
345,ENSG00000077238,HGNC:6015,IL4R,8,0.557127732,1230.602582,0.005235602
346,ENSG00000065150,HGNC:6402,IPO5,8,0.541634955,2968.741266,0.005
347,ENSG00000064313,HGNC:11536,TAF2,8,0.535287206,1359.636392,0.005235602
348,ENSG00000111530,HGNC:30688,CAND1,8,0.529156056,3553.714969,0.005
349,ENSG00000100207,HGNC:11631,TCF20,8,0.478194994,1340.09419,0.005
350,ENSG00000140464,HGNC:9113,PML,8,0.458493516,1518.664642,0.005235602
351,ENSG00000139842,HGNC:2554,CUL4A,8,0.368297823,1857.874535,0.005076142
352,ENSG00000108946,HGNC:9388,PRKAR1A,8,0.363655788,4268.969359,0.005
353,ENSG00000126767,HGNC:3321,ELK1,8,0.350801199,714.2149931,0.020942408
354,ENSG00000187555,HGNC:12630,USP7,8,0.294168902,2551.430591,0.005076142
355,ENSG00000138835,HGNC:9999,RGS3,8,0.292521716,715.1201443,0.02
356,ENSG00000099917,HGNC:14248,MED15,8,0.240544956,1010.997782,0.005154639
357,ENSG00000115145,HGNC:11358,STAM2,8,0.238341763,471.5441803,0.005
358,ENSG00000213983,HGNC:556,AP1G2,8,0.233006922,507.0095964,0.02
359,ENSG00000165119,HGNC:5044,HNRNPK,8,0.211428302,6493.806706,0.005
360,ENSG00000114166,HGNC:8638,KAT2B,8,0.208264409,156.4606325,0.015
361,ENSG00000170677,HGNC:16833,SOCS6,8,0.173925162,589.3461014,0.01
362,ENSG00000153113,HGNC:1515,CAST,8,0.154215491,1687.080669,0.015
363,ENSG00000078304,HGNC:9311,PPP2R5C,8,0.073994194,461.0109499,0.020942408
364,ENSG00000115942,HGNC:8488,ORC2,8,-0.134835217,-250.2772925,0.015
365,ENSG00000084092,HGNC:28473,NOA1,8,-0.160340841,-345.9315859,0.005
366,ENSG00000167670,HGNC:1910,CHAF1A,8,-0.203748353,-400.4525342,0.020304569
367,ENSG00000082458,HGNC:2902,DLG3,8,-0.215680998,-1374.012862,0.015706806
368,ENSG00000108840,HGNC:14068,HDAC5,8,-0.240845392,-1277.661681,0.045685279
369,ENSG00000095066,HGNC:19885,HOOK2,8,-0.28104749,-1087.786383,0.005
370,ENSG00000129245,HGNC:4024,FXR2,8,-0.282548695,-1073.913706,0.005
371,ENSG00000152422,HGNC:12831,XRCC4,8,-0.291066151,-280.217359,0.045
372,ENSG00000100084,HGNC:4916,HIRA,8,-0.35444963,-543.7331727,0.005
373,ENSG00000135605,HGNC:11719,TEC,8,-0.448328162,-102.0147928,0.005
374,ENSG00000069702,HGNC:11774,TGFBR3,8,-0.461381257,-2529.551398,0.035
375,ENSG00000103197,HGNC:12363,TSC2,8,-0.467309131,-7102.38687,0.01
376,ENSG00000197943,HGNC:9066,PLCG2,8,-0.471729682,-1371.577214,0.046632124
377,ENSG00000171557,HGNC:3694,FGG,8,-0.935464408,-13912.91218,0.02
378,ENSG00000101096,HGNC:7776,NFATC2,8,-4.517284825,1871.716225,0.021857923
379,ENSG00000185532,HGNC:9414,PRKG1,8,-56.87683771,757.8246279,0.005
380,ENSG00000140538,HGNC:8033,NTRK3,7,20.20818338,573.5841169,0.005
381,ENSG00000164107,HGNC:4808,HAND2,7,6.674914306,88.18719469,0.02
382,ENSG00000138814,HGNC:9314,PPP3CA,7,6.342045461,4275.146463,0.005
383,ENSG00000185245,HGNC:4439,GP1BA,7,5.467982752,62.7582116,0.015
384,ENSG00000115085,HGNC:12858,ZAP70,7,5.088013917,434.9040051,0.005235602
385,ENSG00000117152,HGNC:10000,RGS4,7,5.025912285,628.5711376,0.005
386,ENSG00000164761,HGNC:11909,TNFRSF11B,7,4.450167308,322.7251915,0.005
387,ENSG00000111046,HGNC:7566,MYF6,7,3.356650799,12.13767402,0.005
388,ENSG00000070808,HGNC:1460,CAMK2A,7,3.305754994,26.71923263,0.005
389,ENSG00000126583,HGNC:9402,PRKCG,7,3.122376735,11.88452115,0.005
390,ENSG00000101977,HGNC:6940,MCF2,7,2.637947622,8.018057598,0.005
391,ENSG00000105880,HGNC:2918,DLX5,7,2.475007078,107.04152,0.020942408
392,ENSG00000139436,HGNC:4273,GIT2,7,2.424432177,1070.378803,0.005
393,ENSG00000019991,HGNC:4893,HGF,7,2.33431165,358.2313861,0.005
394,ENSG00000131095,HGNC:4235,GFAP,7,2.071289903,47.28049865,0.005235602
395,ENSG00000148400,HGNC:7881,NOTCH1,7,1.78837506,3627.983728,0.005181347
396,ENSG00000122641,HGNC:6066,INHBA,7,1.652168018,3948.657273,0.005235602
397,ENSG00000186318,HGNC:933,BACE1,7,1.577539675,1525.356979,0.005235602
398,ENSG00000173546,HGNC:2466,CSPG4,7,1.532292623,1400.632065,0.005
399,ENSG00000133019,HGNC:1952,CHRM3,7,1.50540752,151.1690107,0.005
400,ENSG00000120907,HGNC:277,ADRA1A,7,1.375506024,7.882500485,0.005
401,ENSG00000135821,HGNC:4341,GLUL,7,1.269798639,43999.98878,0.005
402,ENSG00000097007,HGNC:76,ABL1,7,1.137987147,3526.457742,0.005235602
403,ENSG00000164171,HGNC:6137,ITGA2,7,1.127623689,1682.398464,0.005
404,ENSG00000116678,HGNC:6554,LEPR,7,1.114848629,495.6183072,0.02
405,ENSG00000102010,HGNC:1079,BMX,7,1.083515317,33.93360585,0.005
406,ENSG00000006125,HGNC:563,AP2B1,7,1.036104531,12715.35827,0.005154639
407,ENSG00000162946,HGNC:2888,DISC1,7,0.932975091,166.9444548,0.015706806
408,ENSG00000100462,HGNC:10894,PRMT5,7,0.905371142,1613.718421,0.005
409,ENSG00000164050,HGNC:9103,PLXNB1,7,0.861740971,4531.281623,0.005
410,ENSG00000132561,HGNC:6908,MATN2,7,0.763754045,885.9812677,0.041884817
411,ENSG00000112290,HGNC:12732,WASF1,7,0.71428585,246.4413482,0.02
412,ENSG00000198900,HGNC:11986,TOP1,7,0.712917176,3112.092992,0.005
413,ENSG00000157554,HGNC:3446,ERG,7,0.70667611,399.6455006,0.005076142
414,ENSG00000121057,HGNC:367,AKAP1,7,0.697664551,2314.856107,0.005235602
415,ENSG00000254087,HGNC:6735,LYN,7,0.635726103,856.9108096,0.005181347
416,ENSG00000197343,HGNC:30899,ZNF655,7,0.62994979,1115.850677,0.005
417,ENSG00000141232,HGNC:11979,TOB1,7,0.615940712,4189.057916,0.005235602
418,ENSG00000108557,HGNC:9834,RAI1,7,0.614201351,1840.659675,0.010471204
419,ENSG00000163563,HGNC:7183,MNDA,7,0.583342282,345.9665027,0.03
420,ENSG00000179941,HGNC:26291,BBS10,7,0.582171199,497.4992425,0.005
421,ENSG00000140382,HGNC:5001,HMG20A,7,0.550940944,465.4075767,0.005235602
422,ENSG00000011485,HGNC:9322,PPP5C,7,0.531557919,1174.495813,0.005076142
423,ENSG00000068024,HGNC:14063,HDAC4,7,0.485980892,356.2833945,0.005
424,ENSG00000105974,HGNC:1527,CAV1,7,0.439927362,1515.638239,0.035
425,ENSG00000135966,HGNC:16836,TGFBRAP1,7,0.422870207,746.000155,0.005
426,ENSG00000137601,HGNC:7744,NEK1,7,0.382226394,437.1768743,0.03
427,ENSG00000139083,HGNC:3495,ETV6,7,0.340102698,1394.707964,0.005154639
428,ENSG00000179583,HGNC:7067,CIITA,7,0.328748407,444.1586699,0.03030303
429,ENSG00000111266,HGNC:17909,DUSP16,7,0.312910438,1366.04231,0.010152284
430,ENSG00000115966,HGNC:784,ATF2,7,0.306209243,702.8062581,0.005235602
431,ENSG00000077097,HGNC:11990,TOP2B,7,0.30327423,4115.245892,0.005
432,ENSG00000166908,HGNC:23786,PIP4K2C,7,0.275467638,1028.063792,0.005235602
433,ENSG00000248333,HGNC:1729,CDK11B,7,0.249138141,342.6383654,0.01
434,ENSG00000169155,HGNC:17908,ZBTB43,7,0.233454126,220.9458709,0.010471204
435,ENSG00000012822,HGNC:29306,CALCOCO1,7,0.231439538,864.5198343,0.02
436,ENSG00000153914,HGNC:17882,SREK1,7,0.22853959,1188.749733,0.045
437,ENSG00000124214,HGNC:11370,STAU1,7,0.225221741,1998.769694,0.005154639
438,ENSG00000160695,HGNC:14583,VPS11,7,0.205124108,551.1293209,0.04
439,ENSG00000159692,HGNC:2494,CTBP1,7,0.163619971,1321.490327,0.045
440,ENSG00000064703,HGNC:2743,DDX20,7,-0.111924176,-165.6833617,0.005
441,ENSG00000170606,HGNC:5237,HSPA4,7,-0.151066748,-1777.537393,0.01
442,ENSG00000136527,HGNC:10781,TRA2B,7,-0.156914606,-1385.774555,0.025
443,ENSG00000163468,HGNC:1616,CCT3,7,-0.232634059,-8213.653826,0.015
444,ENSG00000114416,HGNC:4023,FXR1,7,-0.259966334,-4015.169433,0.005
445,ENSG00000165699,HGNC:12362,TSC1,7,-0.266651471,-792.7299259,0.02
446,ENSG00000144381,HGNC:5261,HSPD1,7,-0.316080678,-9396.355737,0.005
447,ENSG00000146963,HGNC:21608,LUC7L2,7,-0.322391261,-1241.910245,0.005
448,ENSG00000110395,HGNC:1541,CBL,7,-0.334907179,-1240.371925,0.035
449,ENSG00000122406,HGNC:10360,RPL5,7,-0.360592407,-24787.21735,0.005
450,ENSG00000002822,HGNC:6762,MAD1L1,7,-0.361464843,-836.9471922,0.005
451,ENSG00000144061,HGNC:7905,NPHP1,7,-0.401385159,-287.9578639,0.02
452,ENSG00000105856,HGNC:23200,HBP1,7,-0.444945896,-2869.930076,0.025
453,ENSG00000177463,HGNC:7972,NR2C2,7,-0.621637901,-4368.406563,0.005235602
454,ENSG00000105464,HGNC:4588,GRIN2D,7,-0.647123714,-641.1199016,0.035
455,ENSG00000168398,HGNC:1030,BDKRB2,7,-0.737526495,-2490.398829,0.045
456,ENSG00000145715,HGNC:9871,RASA1,7,-0.894803587,-26594.62472,0.005
457,ENSG00000105737,HGNC:4583,GRIK5,7,-0.931334501,-1623.84401,0.025
458,ENSG00000182866,HGNC:6524,LCK,7,-1.552797494,1806.810091,0.021390374
459,ENSG00000120708,HGNC:11771,TGFBI,7,-2.411876416,19157.01943,0.005235602
460,ENSG00000118503,HGNC:11896,TNFAIP3,7,-9.83925713,2791.536063,0.005347594
461,ENSG00000157557,HGNC:3489,ETS2,7,-32.09357863,3865.523016,0.005235602
462,ENSG00000196549,HGNC:7154,MME,7,-41.95224822,1862.50562,0.005
463,ENSG00000152661,HGNC:4274,GJA1,6,11.79793066,14835.92476,0.005
464,ENSG00000163464,HGNC:6026,CXCR1,6,8.273937159,36.10246711,0.005
465,ENSG00000124813,HGNC:10472,RUNX2,6,8.162893168,1260.36886,0.025
466,ENSG00000089169,HGNC:17056,RPH3A,6,7.687363075,16.92545142,0.005
467,ENSG00000168685,HGNC:6024,IL7R,6,5.527478229,1424.97758,0.005
468,ENSG00000259207,HGNC:6156,ITGB3,6,4.913357752,197.3795172,0.005
469,ENSG00000135100,HGNC:11621,HNF1A,6,4.274489752,8.846142533,0.005
470,ENSG00000115232,HGNC:6140,ITGA4,6,4.011570233,641.717426,0.005
471,ENSG00000173805,HGNC:4812,HAP1,6,3.692416774,57.41138259,0.005235602
472,ENSG00000118971,HGNC:1583,CCND2,6,2.593373863,1795.271507,0.005
473,ENSG00000105323,HGNC:17011,HNRNPUL1,6,2.408737829,12784.70391,0.005
474,ENSG00000109906,HGNC:12930,ZBTB16,6,2.372030459,169.5071079,0.005
475,ENSG00000100985,HGNC:7176,MMP9,6,1.869753246,6831.78396,0.005
476,ENSG00000137841,HGNC:9055,PLCB2,6,1.770571498,629.6436508,0.005235602
477,ENSG00000106511,HGNC:7014,MEOX2,6,1.741206629,185.855964,0.005
478,ENSG00000008196,HGNC:11743,TFAP2B,6,1.729580496,2727.793004,0.005
479,ENSG00000100129,HGNC:18138,EIF3L,6,1.63497464,5840.546668,0.005
480,ENSG00000082175,HGNC:8910,PGR,6,1.491182005,4484.962486,0.005
481,ENSG00000164733,HGNC:2527,CTSB,6,1.402355022,34235.97465,0.005
482,ENSG00000181104,HGNC:3537,F2R,6,1.168734271,2392.155146,0.025
483,ENSG00000113758,HGNC:2695,DBN1,6,1.069411361,4711.209817,0.005
484,ENSG00000163519,HGNC:30698,TRAT1,6,1.031063055,64.0267223,0.01
485,ENSG00000180353,HGNC:4844,HCLS1,6,1.022137335,1348.797484,0.005
486,ENSG00000136603,HGNC:10897,SKIL,6,0.941566215,3881.144024,0.005235602
487,ENSG00000104320,HGNC:7652,NBN,6,0.92924058,2652.909351,0.005
488,ENSG00000134909,HGNC:17399,ARHGAP32,6,0.875076943,2570.942249,0.005
489,ENSG00000069956,HGNC:6879,MAPK6,6,0.845260943,1300.600345,0.005
490,ENSG00000118513,HGNC:7545,MYB,6,0.838917556,2347.04666,0.005
491,ENSG00000133030,HGNC:30321,MPRIP,6,0.719271736,3516.3705,0.015706806
492,ENSG00000127947,HGNC:9645,PTPN12,6,0.713128383,3558.424011,0.005
493,ENSG00000198176,HGNC:11749,TFDP1,6,0.705669039,2355.071389,0.01
494,ENSG00000196092,HGNC:8619,PAX5,6,0.697542244,86.62398936,0.015151515
495,ENSG00000196700,HGNC:29212,ZNF512B,6,0.686479224,1665.670098,0.005
496,ENSG00000184009,HGNC:144,ACTG1,6,0.591463947,95621.72243,0.015
497,ENSG00000125447,HGNC:17079,GGA3,6,0.570611263,933.6486865,0.005
498,ENSG00000135269,HGNC:14620,TES,6,0.556386861,1574.83784,0.005
499,ENSG00000028277,HGNC:9213,POU2F2,6,0.555055895,203.1669942,0.005
500,ENSG00000138071,HGNC:169,ACTR2,6,0.531060201,6211.865056,0.005
501,ENSG00000169032,HGNC:6840,MAP2K1,6,0.496226404,933.6415287,0.005
502,ENSG00000213024,HGNC:8066,NUP62,6,0.492757802,1704.107834,0.02
503,ENSG00000133703,HGNC:6407,KRAS,6,0.447337847,1077.044893,0.005
504,ENSG00000088367,HGNC:3378,EPB41L1,6,0.412221485,1638.022572,0.02617801
505,ENSG00000092820,HGNC:12691,EZR,6,0.382516054,6836.667603,0.005
506,ENSG00000151491,HGNC:3420,EPS8,6,0.359769318,1134.39005,0.045
507,ENSG00000160293,HGNC:12658,VAV2,6,0.353808141,1032.40765,0.020942408
508,ENSG00000138443,HGNC:24011,ABI2,6,0.346116782,919.4982835,0.005
509,ENSG00000149136,HGNC:11327,SSRP1,6,0.344939472,3069.875434,0.015
510,ENSG00000149782,HGNC:9056,PLCB3,6,0.323247923,967.3484828,0.005
511,ENSG00000180370,HGNC:8591,PAK2,6,0.302438729,1944.885968,0.005
512,ENSG00000011451,HGNC:30917,WIZ,6,0.287421565,989.0949669,0.035
513,ENSG00000084463,HGNC:16461,WBP11,6,0.272581719,2276.703142,0.015
514,ENSG00000062725,HGNC:622,APPBP2,6,0.258789205,784.0451278,0.015
515,ENSG00000133961,HGNC:8060,NUMB,6,0.245984946,756.7103955,0.010471204
516,ENSG00000108854,HGNC:16809,SMURF2,6,0.239656332,427.6282817,0.041884817
517,ENSG00000096063,HGNC:11305,SRPK1,6,0.239524992,908.0458875,0.010309278
518,ENSG00000130699,HGNC:11537,TAF4,6,0.218308784,317.1956133,0.015
519,ENSG00000141867,HGNC:13575,BRD4,6,0.205496504,1140.968464,0.01
520,ENSG00000103342,HGNC:4621,GSPT1,6,0.196767762,2264.6844,0.005
521,ENSG00000115216,HGNC:7993,NRBP1,6,0.184814977,1268.253062,0.005181347
522,ENSG00000109458,HGNC:4066,GAB1,6,0.176898985,444.616425,0.01
523,ENSG00000087274,HGNC:243,ADD1,6,0.170851496,1958.981395,0.025
524,ENSG00000055130,HGNC:2551,CUL1,6,0.121783607,542.8074416,0.02
525,ENSG00000143622,HGNC:10023,RIT1,6,-0.19283589,-521.3914359,0.005235602
526,ENSG00000135249,HGNC:21876,RINT1,6,-0.242225291,-360.6717773,0.04
527,ENSG00000157077,HGNC:6775,ZFYVE9,6,-0.24428276,-520.9314452,0.005
528,ENSG00000100991,HGNC:16181,TRPC4AP,6,-0.253452393,-2358.247613,0.015
529,ENSG00000133318,HGNC:10469,RTN3,6,-0.286497269,-5356.538747,0.005
530,ENSG00000006194,HGNC:13056,ZNF263,6,-0.287882615,-1101.215834,0.045
531,ENSG00000204580,HGNC:2730,DDR1,6,-0.29100736,-10283.87675,0.01
532,ENSG00000173480,HGNC:20646,ZNF417,6,-0.315957798,-222.2960385,0.005
533,ENSG00000111276,HGNC:1785,CDKN1B,6,-0.342296771,-3265.240782,0.015228426
534,ENSG00000198911,HGNC:11290,SREBF2,6,-0.35092115,-5211.514014,0.02
535,ENSG00000036672,HGNC:12618,USP2,6,-0.357752104,-126.56166,0.015
536,ENSG00000078043,HGNC:17311,PIAS2,6,-0.389195711,-1033.904042,0.005235602
537,ENSG00000173327,HGNC:6850,MAP3K11,6,-0.393537236,-2970.51985,0.005
538,ENSG00000117676,HGNC:10430,RPS6KA1,6,-0.401842251,-2461.841361,0.03
539,ENSG00000088179,HGNC:9656,PTPN4,6,-0.453349479,-1463.93597,0.015
540,ENSG00000088833,HGNC:15912,NSFL1C,6,-0.476361936,-4622.033288,0.005235602
541,ENSG00000157514,HGNC:3051,TSC22D3,6,-0.516307727,-11346.69274,0.005
542,ENSG00000105048,HGNC:11948,TNNT1,6,-0.52597126,-1901.963055,0.025
543,ENSG00000140009,HGNC:3468,ESR2,6,-0.534846491,-38.50923004,0.015
544,ENSG00000060566,HGNC:18855,CREB3L3,6,-0.778630916,-8.640326261,0.005050505
545,ENSG00000137801,HGNC:11785,THBS1,6,-1.774248731,93520.82544,0.020100503
546,ENSG00000162419,HGNC:4370,GMEB1,6,-6.133935851,1561.035099,0.015544041
547,ENSG00000170485,HGNC:7895,NPAS2,6,-9.340215936,1490.769597,0.005
548,ENSG00000120899,HGNC:9612,PTK2B,6,-14.96718279,2298.558497,0.005
549,ENSG00000121966,HGNC:2561,CXCR4,5,645.5915789,6052.925424,0.005464481
550,ENSG00000109193,HGNC:11377,SULT1E1,5,26.72981414,46.60451823,0.005
551,ENSG00000054356,HGNC:9676,PTPRN,5,11.61242655,148.2459046,0.005
552,ENSG00000144810,HGNC:2215,COL8A1,5,9.695763167,5790.57699,0.005
553,ENSG00000016082,HGNC:6132,ISL1,5,9.603982877,9.83049751,0.005
554,ENSG00000079432,HGNC:14214,CIC,5,5.093815143,6994.837994,0.005
555,ENSG00000087245,HGNC:7166,MMP2,5,4.827461347,26024.96882,0.005
556,ENSG00000118762,HGNC:9009,PKD2,5,3.617969791,1216.352635,0.045
557,ENSG00000130066,HGNC:10540,SAT1,5,3.602989484,11712.20268,0.03
558,ENSG00000103056,HGNC:14240,SMPD3,5,3.564945602,535.0239458,0.015
559,ENSG00000132170,HGNC:9236,PPARG,5,3.062472767,424.0895052,0.005154639
560,ENSG00000177301,HGNC:6220,KCNA2,5,2.476245769,6.22314243,0.005
561,ENSG00000154229,HGNC:9393,PRKCA,5,2.4089123,455.1023553,0.005235602
562,ENSG00000164093,HGNC:9005,PITX2,5,2.368387563,45.95801491,0.005
563,ENSG00000204209,HGNC:2681,DAXX,5,2.213401341,3853.253073,0.02
564,ENSG00000128271,HGNC:263,ADORA2A,5,2.130443646,29.61377206,0.005
565,ENSG00000125810,HGNC:15855,CD93,5,1.515432031,3797.840837,0.005
566,ENSG00000118785,HGNC:11255,SPP1,5,1.488542971,9090.260191,0.005235602
567,ENSG00000121058,HGNC:2184,COIL,5,1.391115551,969.704245,0.025
568,ENSG00000143632,HGNC:129,ACTA1,5,1.376292579,247.846406,0.005
569,ENSG00000130830,HGNC:7219,MPP1,5,1.226426123,904.5504848,0.015706806
570,ENSG00000198400,HGNC:8031,NTRK1,5,1.202124387,40.95147852,0.005235602
571,ENSG00000066230,HGNC:11073,SLC9A3,5,1.18484252,23.11640146,0.005235602
572,ENSG00000163513,HGNC:11773,TGFBR2,5,1.175381943,3674.279951,0.005
573,ENSG00000136167,HGNC:6528,LCP1,5,1.156435126,5433.486175,0.025
574,ENSG00000129515,HGNC:14970,SNX6,5,1.136812985,2111.538816,0.005
575,ENSG00000166033,HGNC:9476,HTRA1,5,1.133958336,8980.29225,0.005050505
576,ENSG00000068305,HGNC:6993,MEF2A,5,1.1336621,1638.45834,0.005154639
577,ENSG00000164924,HGNC:12855,YWHAZ,5,1.133422333,34941.46918,0.005154639
578,ENSG00000154342,HGNC:15983,WNT3A,5,1.086657291,13.48550309,0.005
579,ENSG00000011465,HGNC:2705,DCN,5,1.064762911,26686.25765,0.02
580,ENSG00000163349,HGNC:19006,HIPK1,5,1.041328204,2546.563419,0.005
581,ENSG00000185811,HGNC:13176,IKZF1,5,1.036530856,616.8021636,0.02
582,ENSG00000149557,HGNC:3659,FEZ1,5,0.885026022,153.1913363,0.005
583,ENSG00000136504,HGNC:17016,KAT7,5,0.881497018,1751.442173,0.005
584,ENSG00000179295,HGNC:9644,PTPN11,5,0.873175111,3496.48439,0.005
585,ENSG00000114353,HGNC:4385,GNAI2,5,0.868946414,8804.842055,0.005
586,ENSG00000161011,HGNC:11280,SQSTM1,5,0.829194585,7739.7905,0.005
587,ENSG00000007312,HGNC:1699,CD79B,5,0.731792502,231.2073513,0.005
588,ENSG00000131759,HGNC:9864,RARA,5,0.672702968,4103.576605,0.015
589,ENSG00000119139,HGNC:11828,TJP2,5,0.652690758,1897.351464,0.015
590,ENSG00000142515,HGNC:6364,KLK3,5,0.642824244,42.84465796,0.015
591,ENSG00000142453,HGNC:23393,CARM1,5,0.578852934,1096.54449,0.005235602
592,ENSG00000117461,HGNC:8981,PIK3R3,5,0.550885652,2365.841681,0.005
593,ENSG00000072694,HGNC:3618,FCGR2B,5,0.546418586,195.6587523,0.02
594,ENSG00000170759,HGNC:6324,KIF5B,5,0.52083584,4639.9814,0.015
595,ENSG00000104824,HGNC:5045,HNRNPL,5,0.511452345,4570.513191,0.031413613
596,ENSG00000110422,HGNC:4915,HIPK3,5,0.508847569,2113.912917,0.005
597,ENSG00000028528,HGNC:11172,SNX1,5,0.447563046,2584.104823,0.005235602
598,ENSG00000276644,HGNC:2663,DACH1,5,0.441166341,626.9755039,0.035
599,ENSG00000137710,HGNC:9944,RDX,5,0.436388768,1009.449655,0.010309278
600,ENSG00000115415,HGNC:11362,STAT1,5,0.421800537,6301.381152,0.03
601,ENSG00000055208,HGNC:17075,TAB2,5,0.402221611,1689.464366,0.015706806
602,ENSG00000111669,HGNC:12009,TPI1,5,0.393311997,6973.189674,0.015
603,ENSG00000131323,HGNC:12033,TRAF3,5,0.375636943,515.086093,0.005154639
604,ENSG00000141644,HGNC:6916,MBD1,5,0.349650058,893.6330503,0.005
605,ENSG00000047932,HGNC:17643,GOPC,5,0.348967693,742.9773924,0.005181347
606,ENSG00000125398,HGNC:11204,SOX9,5,0.346209273,1778.468653,0.005
607,ENSG00000127054,HGNC:26052,INTS11,5,0.343693179,1720.212195,0.005
608,ENSG00000174996,HGNC:20716,KLC2,5,0.337303469,884.7459829,0.005
609,ENSG00000100201,HGNC:2740,DDX17,5,0.335843966,9030.268167,0.005
610,ENSG00000162613,HGNC:4004,FUBP1,5,0.327289702,2102.835762,0.005235602
611,ENSG00000160271,HGNC:9842,RALGDS,5,0.327174827,1420.020182,0.02617801
612,ENSG00000159082,HGNC:11503,SYNJ1,5,0.297506641,211.9324452,0.005235602
613,ENSG00000104852,HGNC:11150,SNRNP70,5,0.286202639,3080.301582,0.015
614,ENSG00000114316,HGNC:12627,USP4,5,0.255176727,776.7304154,0.005
615,ENSG00000197111,HGNC:8648,PCBP2,5,0.248547951,3853.57881,0.03
616,ENSG00000100941,HGNC:9162,PNN,5,0.243055911,1046.159981,0.005235602
617,ENSG00000213585,HGNC:12669,VDAC1,5,0.239907678,2565.937975,0.020942408
618,ENSG00000197283,HGNC:11497,SYNGAP1,5,0.22288805,270.7300955,0.03
619,ENSG00000136448,HGNC:7857,NMT1,5,0.216726744,1232.101225,0.015706806
620,ENSG00000003402,HGNC:1876,CFLAR,5,0.212068579,1067.908483,0.045
621,ENSG00000107758,HGNC:9315,PPP3CB,5,0.201494189,608.9958494,0.005
622,ENSG00000197157,HGNC:30646,SND1,5,0.171769441,2353.430262,0.02
623,ENSG00000198668,HGNC:1442,CALM1,5,0.157120897,2441.207735,0.005
624,ENSG00000198954,HGNC:23419,KIFBP,5,0.140839986,314.8668278,0.005
625,ENSG00000100823,HGNC:587,APEX1,5,0.112808361,906.3865284,0.02
626,ENSG00000147140,HGNC:7871,NONO,5,0.107154398,2329.650385,0.041237113
627,ENSG00000119318,HGNC:9813,RAD23B,5,0.08325427,1031.797093,0.02617801
628,ENSG00000125482,HGNC:12397,TTF1,5,-0.093254559,-106.6185564,0.015
629,ENSG00000149269,HGNC:8590,PAK1,5,-0.131361779,-1028.135239,0.04
630,ENSG00000116560,HGNC:10774,SFPQ,5,-0.189192008,-4072.739806,0.031413613
631,ENSG00000161204,HGNC:72,ABCF3,5,-0.192161061,-951.0008867,0.005
632,ENSG00000114302,HGNC:9391,PRKAR2A,5,-0.199929294,-997.3178187,0.020942408
633,ENSG00000143801,HGNC:9509,PSEN2,5,-0.202143911,-524.5223758,0.045
634,ENSG00000196150,HGNC:13044,ZNF250,5,-0.253004334,-367.7039967,0.036082474
635,ENSG00000182944,HGNC:3508,EWSR1,5,-0.264332217,-4419.710715,0.02
636,ENSG00000177963,HGNC:29550,RIC8A,5,-0.265575191,-2694.803193,0.010152284
637,ENSG00000141582,HGNC:1554,CBX4,5,-0.280634014,-1864.545812,0.02
638,ENSG00000106683,HGNC:6613,LIMK1,5,-0.291207972,-1476.939241,0.046391753
639,ENSG00000087586,HGNC:11393,AURKA,5,-0.329879773,-745.3619772,0.030456853
640,ENSG00000110031,HGNC:14061,LPXN,5,-0.348019964,-595.7260043,0.03
641,ENSG00000102054,HGNC:9890,RBBP7,5,-0.358381687,-5786.967405,0.02617801
642,ENSG00000059728,HGNC:6761,MXD1,5,-0.375847898,-865.5064062,0.010362694
643,ENSG00000125733,HGNC:12304,TRIP10,5,-0.377799865,-1480.889044,0.005154639
644,ENSG00000137074,HGNC:15984,APTX,5,-0.414208015,-1433.455367,0.005
645,ENSG00000174791,HGNC:18749,RIN1,5,-0.45030359,-579.3388504,0.005
646,ENSG00000166402,HGNC:12406,TUB,5,-0.515084545,-904.2479784,0.015706806
647,ENSG00000168394,HGNC:43,TAP1,5,-0.519708885,-9867.517477,0.005
648,ENSG00000158402,HGNC:1727,CDC25C,5,-0.54507782,-432.2584097,0.03
649,ENSG00000168283,HGNC:1066,BMI1,5,-0.596223076,-6429.12847,0.015
650,ENSG00000137693,HGNC:16262,YAP1,5,-0.627346586,-9543.553733,0.045
651,ENSG00000117394,HGNC:11005,SLC2A1,5,-2.769538723,11888.98983,0.005235602
652,ENSG00000082074,HGNC:4036,FYB1,5,-2.898711489,2477.730946,0.005235602
653,ENSG00000112658,HGNC:11291,SRF,5,-4.879812442,7630.487876,0.005235602
654,ENSG00000034971,HGNC:7610,MYOC,4,116.8952945,203.9261629,0.005
655,ENSG00000115641,HGNC:3703,FHL2,4,54.45424477,4706.992983,0.03
656,ENSG00000170558,HGNC:1759,CDH2,4,39.79128494,700.056063,0.005025126
657,ENSG00000198963,HGNC:10259,RORB,4,34.05684529,124.6973218,0.005025126
658,ENSG00000163631,HGNC:399,ALB,4,28.65902565,4438.892736,0.005
659,ENSG00000125798,HGNC:5022,FOXA2,4,28.32297968,9.322781469,0.005
660,ENSG00000133101,HGNC:1577,CCNA1,4,14.47502709,80.08954391,0.005
661,ENSG00000139626,HGNC:6162,ITGB7,4,7.080809757,192.2717777,0.005154639
662,ENSG00000100385,HGNC:6009,IL2RB,4,6.389267963,1285.449673,0.005
663,ENSG00000107295,HGNC:10831,SH3GL2,4,6.376630504,42.1004999,0.005
664,ENSG00000157227,HGNC:7160,MMP14,4,5.88320398,24887.98063,0.020942408
665,ENSG00000176697,HGNC:1033,BDNF,4,5.562144836,50.40390811,0.005
666,ENSG00000104368,HGNC:9051,PLAT,4,4.864059884,8389.200838,0.005
667,ENSG00000269404,HGNC:11242,SPIB,4,4.03466572,300.6279761,0.005
668,ENSG00000186081,HGNC:6442,KRT5,4,3.803237184,13146.90497,0.005208333
669,ENSG00000140968,HGNC:5358,IRF8,4,3.556949161,1031.695091,0.005
670,ENSG00000197641,HGNC:8944,SERPINB13,4,3.554547549,31.02219791,0.005
671,ENSG00000169047,HGNC:6125,IRS1,4,3.482267814,3500.305948,0.005
672,ENSG00000184672,HGNC:27036,RALYL,4,3.425669548,22.38929166,0.015
673,ENSG00000136158,HGNC:11270,SPRY2,4,2.628663943,603.3516447,0.005
674,ENSG00000125378,HGNC:1071,BMP4,4,2.501735521,611.8912184,0.005
675,ENSG00000118523,HGNC:2500,CCN2,4,2.44266478,17263.29502,0.005235602
676,ENSG00000180530,HGNC:8001,NRIP1,4,2.350818291,4594.570816,0.005235602
677,ENSG00000135046,HGNC:533,ANXA1,4,2.305506663,8693.560472,0.005154639
678,ENSG00000110448,HGNC:1685,CD5,4,2.250512702,366.3824942,0.005
679,ENSG00000196353,HGNC:2317,CPNE4,4,2.224342172,46.36371114,0.010638298
680,ENSG00000143333,HGNC:9997,RGS16,4,2.163217013,1539.221559,0.015706806
681,ENSG00000182578,HGNC:2433,CSF1R,4,2.02445723,2654.385671,0.005
682,ENSG00000090061,HGNC:1596,CCNK,4,1.926808779,432.7622608,0.005154639
683,ENSG00000123700,HGNC:6263,KCNJ2,4,1.853902887,228.4557743,0.005
684,ENSG00000002834,HGNC:6513,LASP1,4,1.827267163,16769.92906,0.005154639
685,ENSG00000175445,HGNC:6677,LPL,4,1.794771536,1552.592919,0.031413613
686,ENSG00000196405,HGNC:20234,EVL,4,1.762189303,11129.26788,0.005
687,ENSG00000185551,HGNC:7976,NR2F2,4,1.7616739,4191.508457,0.005
688,ENSG00000028137,HGNC:11917,TNFRSF1B,4,1.488893895,1571.135466,0.005
689,ENSG00000153563,HGNC:1706,CD8A,4,1.485103815,510.7387861,0.005
690,ENSG00000176165,HGNC:3811,FOXG1,4,1.482041373,9.599255565,0.005
691,ENSG00000149968,HGNC:7173,MMP3,4,1.435035229,545.5823321,0.005181347
692,ENSG00000125686,HGNC:9234,MED1,4,1.360489781,2914.813117,0.005154639
693,ENSG00000137285,HGNC:30829,TUBB2B,4,1.293861936,206.094146,0.005181347
694,ENSG00000142627,HGNC:3386,EPHA2,4,1.26680671,585.834226,0.02
695,ENSG00000123358,HGNC:7980,NR4A1,4,1.234250446,2679.523245,0.005
696,ENSG00000090339,HGNC:5344,ICAM1,4,1.209690536,1704.822513,0.01
697,ENSG00000107882,HGNC:16466,SUFU,4,1.179656086,1034.875641,0.005
698,ENSG00000113916,HGNC:1001,BCL6,4,1.17151444,2070.520782,0.025
699,ENSG00000174125,HGNC:11847,TLR1,4,1.103100785,433.5134121,0.005
700,ENSG00000198728,HGNC:6532,LDB1,4,1.060339953,2266.3557,0.005
701,ENSG00000126934,HGNC:6842,MAP2K2,4,1.052703016,2882.322319,0.045
702,ENSG00000135596,HGNC:20619,MICAL1,4,1.042002391,1196.139912,0.01
703,ENSG00000198909,HGNC:6855,MAP3K3,4,1.01179995,1183.079457,0.005
704,ENSG00000167552,HGNC:20766,TUBA1A,4,1.00398712,6937.065031,0.005235602
705,ENSG00000198055,HGNC:4545,GRK6,4,0.937574449,1698.095893,0.005
706,ENSG00000143013,HGNC:6644,LMO4,4,0.934802568,2075.127499,0.005235602
707,ENSG00000037280,HGNC:3767,FLT4,4,0.901658168,565.1646546,0.005
708,ENSG00000169756,HGNC:6616,LIMS1,4,0.856621485,1699.817961,0.005235602
709,ENSG00000196230,HGNC:20778,TUBB,4,0.827878463,22969.14327,0.005
710,ENSG00000088305,HGNC:2979,DNMT3B,4,0.727138788,237.5740446,0.036082474
711,ENSG00000160014,HGNC:1449,CALM3,4,0.674311442,5972.814654,0.025
712,ENSG00000005249,HGNC:9392,PRKAR2B,4,0.673359031,1207.765546,0.005235602
713,ENSG00000018408,HGNC:24042,WWTR1,4,0.66984456,1882.287046,0.005235602
714,ENSG00000184702,HGNC:9164,SEPTIN5,4,0.648476773,871.8003283,0.005235602
715,ENSG00000168487,HGNC:1067,BMP1,4,0.622630178,1368.994078,0.02
716,ENSG00000152291,HGNC:15450,TGOLN2,4,0.612155353,7192.946596,0.005
717,ENSG00000169045,HGNC:5041,HNRNPH1,4,0.591513655,6545.157476,0.005
718,ENSG00000067182,HGNC:11916,TNFRSF1A,4,0.559453128,2608.829222,0.015
719,ENSG00000079385,HGNC:1814,CEACAM1,4,0.548377176,741.1820473,0.005
720,ENSG00000100038,HGNC:11993,TOP3B,4,0.546538117,10.61035155,0.03
721,ENSG00000067606,HGNC:9412,PRKCZ,4,0.523731751,392.3245521,0.005
722,ENSG00000047315,HGNC:9188,POLR2B,4,0.513465831,2175.41467,0.005
723,ENSG00000169967,HGNC:6854,MAP3K2,4,0.511683404,1417.670619,0.020942408
724,ENSG00000142867,HGNC:989,BCL10,4,0.49671862,482.4188975,0.02617801
725,ENSG00000175029,HGNC:2495,CTBP2,4,0.496391453,2381.810274,0.005
726,ENSG00000160691,HGNC:10840,SHC1,4,0.484261013,2960.865929,0.015
727,ENSG00000007047,HGNC:13538,MARK4,4,0.480780337,876.4179913,0.005
728,ENSG00000164111,HGNC:543,ANXA5,4,0.459315371,5754.131765,0.02
729,ENSG00000163482,HGNC:17209,STK36,4,0.444928517,663.2440827,0.005
730,ENSG00000213699,HGNC:26055,SLC35F6,4,0.440118217,1788.642313,0.005
731,ENSG00000135604,HGNC:11429,STX11,4,0.439901567,66.33942378,0.035
732,ENSG00000077150,HGNC:7795,NFKB2,4,0.432907136,1407.846741,0.010152284
733,ENSG00000063978,HGNC:10067,RNF4,4,0.429451132,1507.877415,0.015
734,ENSG00000134508,HGNC:25097,CABLES1,4,0.427633783,738.4673691,0.005
735,ENSG00000010017,HGNC:13727,RANBP9,4,0.426953682,1357.105327,0.005
736,ENSG00000110330,HGNC:590,BIRC2,4,0.424228193,1014.405285,0.005
737,ENSG00000156508,HGNC:3189,EEF1A1,4,0.418413809,93215.79832,0.015
738,ENSG00000173020,HGNC:289,GRK2,4,0.416668009,2902.816273,0.005
739,ENSG00000110876,HGNC:10722,SELPLG,4,0.408436946,537.8932666,0.03
740,ENSG00000250506,HGNC:1772,CDK3,4,0.400906258,7.766987392,0.02
741,ENSG00000135624,HGNC:1622,CCT7,4,0.39611305,4191.011501,0.045
742,ENSG00000159110,HGNC:5433,IFNAR2,4,0.355096152,251.7599831,0.015544041
743,ENSG00000131196,HGNC:7775,NFATC1,4,0.346018743,367.7312057,0.015
744,ENSG00000108468,HGNC:1551,CBX1,4,0.343086832,1750.116298,0.015706806
745,ENSG00000172819,HGNC:9866,RARG,4,0.334743912,907.6241697,0.010471204
746,ENSG00000111145,HGNC:3325,ELK3,4,0.334576357,886.9909341,0.02
747,ENSG00000185624,HGNC:8548,P4HB,4,0.329195334,14751.22487,0.02617801
748,ENSG00000107968,HGNC:6860,MAP3K8,4,0.320025576,205.4197635,0.02
749,ENSG00000076321,HGNC:25056,KLHL20,4,0.318087968,260.3169821,0.005
750,ENSG00000085733,HGNC:3338,CTTN,4,0.314114782,4870.324347,0.01
751,ENSG00000162889,HGNC:6887,MAPKAPK2,4,0.311412157,3856.412912,0.03
752,ENSG00000120802,HGNC:11875,TMPO,4,0.310689246,1420.098688,0.045
753,ENSG00000169220,HGNC:9996,RGS14,4,0.29496039,360.8737081,0.045
754,ENSG00000114520,HGNC:11175,SNX4,4,0.271850816,586.9131341,0.005
755,ENSG00000163558,HGNC:9404,PRKCI,4,0.270428027,915.8770428,0.005
756,ENSG00000105229,HGNC:17002,PIAS4,4,0.265926475,513.5871192,0.005
757,ENSG00000174738,HGNC:7963,NR1D2,4,0.261342744,595.8585412,0.01
758,ENSG00000140350,HGNC:13233,ANP32A,4,0.257275987,1817.677538,0.005235602
759,ENSG00000140992,HGNC:8816,PDPK1,4,0.254138178,554.9842797,0.015
760,ENSG00000183020,HGNC:562,AP2A2,4,0.2392785,972.9358284,0.005235602
761,ENSG00000095370,HGNC:16884,SH2D3C,4,0.171361576,145.6585085,0.030456853
762,ENSG00000136937,HGNC:7658,NCBP1,4,0.158064377,410.2272587,0.015
763,ENSG00000104529,HGNC:3211,EEF1D,4,0.152143269,1584.254229,0.020942408
764,ENSG00000125651,HGNC:4652,GTF2F1,4,0.129555832,596.5329585,0.045
765,ENSG00000125818,HGNC:9571,PSMF1,4,-0.119216225,-1059.539189,0.015
766,ENSG00000165684,HGNC:11137,SNAPC4,4,-0.122310766,-176.6918728,0.015
767,ENSG00000169016,HGNC:3120,E2F6,4,-0.124520716,-114.8126033,0.005
768,ENSG00000115307,HGNC:891,AUP1,4,-0.17114153,-1529.661133,0.015
769,ENSG00000168884,HGNC:19118,TNIP2,4,-0.192894107,-442.992368,0.005
770,ENSG00000153767,HGNC:4650,GTF2E1,4,-0.196947417,-249.8290676,0.005
771,ENSG00000111361,HGNC:3257,EIF2B1,4,-0.198788938,-848.3412076,0.015
772,ENSG00000096746,HGNC:5043,HNRNPH3,4,-0.198886123,-1559.875932,0.005235602
773,ENSG00000092199,HGNC:5035,HNRNPC,4,-0.203360742,-9505.846094,0.005
774,ENSG00000168259,HGNC:12392,DNAJC7,4,-0.209855339,-1160.323857,0.02
775,ENSG00000099899,HGNC:24974,TRMT2A,4,-0.213802423,-631.4495107,0.005235602
776,ENSG00000183207,HGNC:10475,RUVBL2,4,-0.230380172,-1592.873287,0.01
777,ENSG00000025434,HGNC:7966,NR1H3,4,-0.281377601,-585.9731705,0.04
778,ENSG00000070159,HGNC:9655,PTPN3,4,-0.300783843,-1043.09615,0.015
779,ENSG00000101412,HGNC:3113,E2F1,4,-0.312385285,-828.817973,0.046391753
780,ENSG00000114126,HGNC:11751,TFDP2,4,-0.318034672,-1390.661313,0.005235602
781,ENSG00000166483,HGNC:12761,WEE1,4,-0.324024104,-1640.331858,0.02
782,ENSG00000112130,HGNC:10071,RNF8,4,-0.330503683,-571.4642143,0.005
783,ENSG00000070010,HGNC:12520,UFD1,4,-0.331889902,-1505.595628,0.025
784,ENSG00000196839,HGNC:186,ADA,4,-0.363789054,-306.0599646,0.041450777
785,ENSG00000182195,HGNC:6548,LDOC1,4,-0.367772248,-1821.922658,0.015463918
786,ENSG00000166313,HGNC:581,APBB1,4,-0.381014304,-914.7165124,0.015
787,ENSG00000078699,HGNC:1536,CBFA2T2,4,-0.427687643,-2178.754617,0.005154639
788,ENSG00000164362,HGNC:11730,TERT,4,-0.430234649,-27.76312508,0.047120419
789,ENSG00000105088,HGNC:17189,OLFM2,4,-0.447110756,-1156.666449,0.046632124
790,ENSG00000125775,HGNC:15756,SDCBP2,4,-0.453027011,-273.0177772,0.02617801
791,ENSG00000203747,HGNC:3619,FCGR3A,4,-0.469540933,-4253.172902,0.03
792,ENSG00000175792,HGNC:10474,RUVBL1,4,-0.494693619,-3431.927048,0.005235602
793,ENSG00000109771,HGNC:25434,LRP2BP,4,-0.525784668,-286.4944986,0.005
794,ENSG00000184349,HGNC:3225,EFNA5,4,-0.597967188,-2010.095227,0.020942408
795,ENSG00000160712,HGNC:6019,IL6R,4,-0.670990622,-2238.638381,0.02617801
796,ENSG00000135744,HGNC:333,AGT,4,-0.743853605,-3851.59409,0.005235602
797,ENSG00000113580,HGNC:7978,NR3C1,4,-0.818560652,-14149.40789,0.025
798,ENSG00000144852,HGNC:7968,NR1I2,4,-0.852433164,-104.8756611,0.005208333
799,ENSG00000165025,HGNC:11491,SYK,4,-2.012380579,4476.092681,0.005235602
800,ENSG00000186111,HGNC:8996,PIP5K1C,4,-2.698702502,9392.696795,0.005
801,ENSG00000180772,HGNC:338,AGTR2,4,-23.55600027,2.505283413,0.005235602
802,ENSG00000152413,HGNC:17512,HOMER1,4,-31.83484732,553.392605,0.035175879
803,ENSG00000132872,HGNC:11512,SYT4,3,297.650323,216.943169,0.005464481
804,ENSG00000105426,HGNC:9681,PTPRS,3,51.68582495,4441.561473,0.005235602
805,ENSG00000167751,HGNC:6363,KLK2,3,14.82570508,50.88003473,0.005
806,ENSG00000118271,HGNC:12405,TTR,3,10.06781754,25.73073787,0.005
807,ENSG00000010810,HGNC:4037,FYN,3,9.737088922,1892.73385,0.005464481
808,ENSG00000196923,HGNC:22958,PDLIM7,3,9.573691896,4441.809778,0.005
809,ENSG00000181374,HGNC:10611,CCL13,3,8.936248026,83.9762352,0.005
810,ENSG00000170345,HGNC:3796,FOS,3,8.624675365,16423.47966,0.005
811,ENSG00000116329,HGNC:8153,OPRD1,3,8.534647034,153.2295736,0.005235602
812,ENSG00000137673,HGNC:7174,MMP7,3,8.245183737,5094.44894,0.005181347
813,ENSG00000125845,HGNC:1069,BMP2,3,6.99941748,144.1673423,0.005
814,ENSG00000145321,HGNC:4187,GC,3,5.739423755,4.506628294,0.005464481
815,ENSG00000077080,HGNC:160,ACTL6B,3,5.128524178,30.89656252,0.005
816,ENSG00000266412,HGNC:7671,NCOA4,3,5.030688293,10453.83907,0.03
817,ENSG00000164442,HGNC:1987,CITED2,3,4.515512252,4864.923648,0.015
818,ENSG00000169439,HGNC:10659,SDC2,3,4.141290101,5332.493269,0.005181347
819,ENSG00000155926,HGNC:10902,SLA,3,4.05512169,1076.021949,0.005
820,ENSG00000182492,HGNC:1044,BGN,3,3.818881388,51946.4486,0.005181347
821,ENSG00000105894,HGNC:9630,PTN,3,3.811722324,1521.052956,0.005
822,ENSG00000120129,HGNC:3064,DUSP1,3,3.525529685,8217.042693,0.005
823,ENSG00000175745,HGNC:7975,NR2F1,3,3.359691601,1180.398862,0.005076142
824,ENSG00000115461,HGNC:5474,IGFBP5,3,3.353225278,72776.55371,0.005
825,ENSG00000109047,HGNC:9937,RCVRN,3,3.210034885,5.894614993,0.02
826,ENSG00000162998,HGNC:3959,FRZB,3,3.208848134,1094.432301,0.005
827,ENSG00000119408,HGNC:7749,NEK6,3,2.869657671,2547.403999,0.031413613
828,ENSG00000069966,HGNC:4401,GNB5,3,2.646963447,839.8955107,0.02
829,ENSG00000171564,HGNC:3662,FGB,3,2.5944733,554.5918147,0.005
830,ENSG00000171346,HGNC:6421,KRT15,3,2.345422653,8222.375411,0.005235602
831,ENSG00000140368,HGNC:9580,PSTPIP1,3,2.343898308,309.0776499,0.015706806
832,ENSG00000002586,HGNC:7082,CD99,3,2.338029649,8168.031553,0.015706806
833,ENSG00000105810,HGNC:1777,CDK6,3,2.264020741,1464.758649,0.005
834,ENSG00000120738,HGNC:3238,EGR1,3,2.137981231,12199.90489,0.005
835,ENSG00000170365,HGNC:6767,SMAD1,3,2.114067894,952.2012569,0.005025126
836,ENSG00000075426,HGNC:3798,FOSL2,3,2.076564684,7433.617374,0.005
837,ENSG00000180616,HGNC:11331,SSTR2,3,1.802569769,792.8425726,0.005
838,ENSG00000134460,HGNC:6008,IL2RA,3,1.785573247,159.4598317,0.005
839,ENSG00000112214,HGNC:17371,FHL5,3,1.733434331,54.94014654,0.005
840,ENSG00000157933,HGNC:10896,SKI,3,1.584102765,3728.86179,0.005235602
841,ENSG00000148180,HGNC:4620,GSN,3,1.551099876,17928.01003,0.005
842,ENSG00000131773,HGNC:18117,KHDRBS3,3,1.504934752,481.9872036,0.005
843,ENSG00000224389,HGNC:1324,C4B,3,1.487925213,2822.872891,0.005
844,ENSG00000172156,HGNC:10610,CCL11,3,1.456840272,51.16318247,0.005
845,ENSG00000123240,HGNC:17142,OPTN,3,1.374949222,3149.432461,0.005
846,ENSG00000277586,HGNC:7739,NEFL,3,1.27779555,36.91722676,0.005
847,ENSG00000124145,HGNC:10661,SDC4,3,1.269996839,11075.62603,0.015
848,ENSG00000090621,HGNC:8557,PABPC4,3,1.261319498,5023.49868,0.010471204
849,ENSG00000101336,HGNC:4840,HCK,3,1.141049968,588.4892787,0.005
850,ENSG00000164749,HGNC:5026,HNF4G,3,1.092442835,96.35245639,0.005
851,ENSG00000101017,HGNC:11919,CD40,3,0.980415893,432.5413727,0.005
852,ENSG00000072110,HGNC:163,ACTN1,3,0.974508071,10597.52214,0.005154639
853,ENSG00000163914,HGNC:10012,RHO,3,0.956016667,1.001068375,0.025
854,ENSG00000198805,HGNC:7892,PNP,3,0.9201177,1402.663676,0.005
855,ENSG00000003400,HGNC:1500,CASP10,3,0.919858915,341.0733506,0.03
856,ENSG00000111199,HGNC:18083,TRPV4,3,0.89694248,240.8152539,0.03
857,ENSG00000100320,HGNC:9906,RBFOX2,3,0.894675752,2362.720781,0.005154639
858,ENSG00000198851,HGNC:1674,CD3E,3,0.879499407,545.337645,0.005
859,ENSG00000162924,HGNC:9954,REL,3,0.867068761,604.9554636,0.005
860,ENSG00000007264,HGNC:6906,MATK,3,0.856794581,137.9660951,0.015706806
861,ENSG00000109062,HGNC:11075,SLC9A3R1,3,0.842703667,14055.31948,0.005
862,ENSG00000115290,HGNC:4565,GRB14,3,0.802868229,298.6072256,0.01
863,ENSG00000187239,HGNC:17069,FNBP1,3,0.795063126,1698.951904,0.041884817
864,ENSG00000137834,HGNC:6772,SMAD6,3,0.777654861,204.2123489,0.005
865,ENSG00000104856,HGNC:9956,RELB,3,0.767019743,847.5039707,0.005
866,ENSG00000136997,HGNC:7553,MYC,3,0.737146918,2778.6208,0.005181347
867,ENSG00000138279,HGNC:545,ANXA7,3,0.71741699,4054.397318,0.047120419
868,ENSG00000033800,HGNC:2752,PIAS1,3,0.699579246,944.0607587,0.005235602
869,ENSG00000015479,HGNC:6912,MATR3,3,0.6976378,218.9606065,0.020942408
870,ENSG00000176105,HGNC:12841,YES1,3,0.671607372,1730.715012,0.005235602
871,ENSG00000167220,HGNC:25364,HDHD2,3,0.629031025,552.5094149,0.005
872,ENSG00000123411,HGNC:13179,IKZF4,3,0.627849572,251.0905448,0.015
873,ENSG00000167461,HGNC:7007,RAB8A,3,0.617736633,1128.502691,0.005
874,ENSG00000108262,HGNC:4272,GIT1,3,0.608545064,2894.36009,0.005235602
875,ENSG00000196396,HGNC:9642,PTPN1,3,0.60322766,2654.031619,0.015
876,ENSG00000134323,HGNC:7559,MYCN,3,0.602066432,73.62933113,0.01
877,ENSG00000136436,HGNC:29912,CALCOCO2,3,0.573982582,2622.131368,0.005
878,ENSG00000215021,HGNC:30306,PHB2,3,0.570639448,3973.701585,0.005076142
879,ENSG00000015171,HGNC:16966,ZMYND11,3,0.569456496,2607.231719,0.005
880,ENSG00000125968,HGNC:5360,ID1,3,0.544387616,285.8666296,0.015
881,ENSG00000088247,HGNC:6316,KHSRP,3,0.544224025,3599.160005,0.005235602
882,ENSG00000126785,HGNC:688,RHOJ,3,0.539589864,277.838616,0.005
883,ENSG00000204304,HGNC:8633,PBX2,3,0.539163139,1303.586146,0.005
884,ENSG00000088256,HGNC:4379,GNA11,3,0.529623075,2433.321535,0.005
885,ENSG00000096717,HGNC:14929,SIRT1,3,0.485309501,573.8361755,0.005235602
886,ENSG00000106546,HGNC:348,AHR,3,0.478307029,1768.996304,0.01
887,ENSG00000165806,HGNC:1508,CASP7,3,0.464864788,785.3167855,0.005
888,ENSG00000161835,HGNC:18707,TAMALIN,3,0.460755317,174.9379634,0.005
889,ENSG00000161203,HGNC:564,AP2M1,3,0.450351658,6426.286187,0.005
890,ENSG00000163235,HGNC:11765,TGFA,3,0.439717786,198.5966335,0.015706806
891,ENSG00000169100,HGNC:10992,SLC25A6,3,0.418340808,9109.58146,0.01
892,ENSG00000072518,HGNC:3332,MARK2,3,0.412032977,1655.843923,0.005076142
893,ENSG00000149532,HGNC:30098,CPSF7,3,0.41164118,1775.554766,0.005
894,ENSG00000162302,HGNC:10433,RPS6KA4,3,0.400314725,785.9104554,0.010471204
895,ENSG00000092531,HGNC:11131,SNAP23,3,0.400019801,867.1712223,0.005
896,ENSG00000118689,HGNC:3821,FOXO3,3,0.390311734,1580.482685,0.020942408
897,ENSG00000164305,HGNC:1504,CASP3,3,0.377112374,663.5248856,0.005235602
898,ENSG00000172977,HGNC:5275,KAT5,3,0.375207317,511.2437772,0.005076142
899,ENSG00000039123,HGNC:18734,MTREX,3,0.309710828,901.5918157,0.005
900,ENSG00000205302,HGNC:11173,SNX2,3,0.296464558,903.1809833,0.005
901,ENSG00000164402,HGNC:16511,SEPTIN8,3,0.248931799,1031.595705,0.015
902,ENSG00000107438,HGNC:2067,PDLIM1,3,0.244819463,1619.620517,0.005
903,ENSG00000107404,HGNC:3084,DVL1,3,0.23177624,818.2590246,0.005
904,ENSG00000196072,HGNC:20984,BLOC1S2,3,0.221708607,400.5327786,0.015
905,ENSG00000127666,HGNC:18348,TICAM1,3,0.208057647,278.2502446,0.005
906,ENSG00000007372,HGNC:8620,PAX6,3,0.198803811,39.93474712,0.02
907,ENSG00000166913,HGNC:12849,YWHAB,3,0.17203225,3551.257894,0.025
908,ENSG00000140943,HGNC:15456,MBTPS1,3,0.171292767,1411.3416,0.03
909,ENSG00000082701,HGNC:4617,GSK3B,3,0.140673797,871.7660221,0.045
910,ENSG00000180228,HGNC:9438,PRKRA,3,-0.101902086,-298.8893729,0.035
911,ENSG00000165916,HGNC:9549,PSMC3,3,-0.176265617,-1395.706772,0.015
912,ENSG00000124207,HGNC:2431,CSE1L,3,-0.222334431,-2513.722129,0.015706806
913,ENSG00000158169,HGNC:3584,FANCC,3,-0.240684358,-288.3822412,0.005
914,ENSG00000169062,HGNC:20332,UPF3A,3,-0.257298492,-627.7581484,0.01
915,ENSG00000168078,HGNC:18282,PBK,3,-0.259608732,-281.3950491,0.015
916,ENSG00000182307,HGNC:26104,C8orf33,3,-0.267021001,-1748.994239,0.015706806
917,ENSG00000107281,HGNC:7899,NPDC1,3,-0.281748432,-2957.426869,0.045685279
918,ENSG00000104936,HGNC:2933,DMPK,3,-0.288708932,-840.5346563,0.01
919,ENSG00000163132,HGNC:7391,MSX1,3,-0.295695359,-99.91914335,0.010362694
920,ENSG00000175793,HGNC:10773,SFN,3,-0.295745602,-2021.888143,0.01
921,ENSG00000075142,HGNC:11292,SRI,3,-0.321972149,-3462.136884,0.025
922,ENSG00000116903,HGNC:24659,EXOC8,3,-0.328401095,-674.0732326,0.005235602
923,ENSG00000163041,HGNC:4764,H3-3A,3,-0.333264533,-1499.389776,0.015
924,ENSG00000123159,HGNC:1226,GIPC1,3,-0.342982605,-3300.200588,0.005
925,ENSG00000070831,HGNC:1736,CDC42,3,-0.347311993,-7864.718667,0.025
926,ENSG00000174744,HGNC:17262,BRMS1,3,-0.360165876,-1747.159391,0.01
927,ENSG00000129219,HGNC:9068,PLD2,3,-0.387752294,-1480.009578,0.005154639
928,ENSG00000156795,HGNC:25490,NTAQ1,3,-0.391888785,-575.6478875,0.015
929,ENSG00000121022,HGNC:2240,COPS5,3,-0.396806988,-2805.071192,0.015
930,ENSG00000278129,HGNC:13154,ZNF8,3,-0.406045524,-509.5034763,0.005
931,ENSG00000121570,HGNC:19200,DPPA4,3,-0.420754826,-2.926931618,0.04
932,ENSG00000275700,HGNC:19235,AATF,3,-0.428114286,-2821.927581,0.005235602
933,ENSG00000150867,HGNC:8997,PIP4K2A,3,-0.431314229,-1905.895595,0.03
934,ENSG00000087191,HGNC:9552,PSMC5,3,-0.451483003,-7103.402476,0.005
935,ENSG00000116017,HGNC:3031,ARID3A,3,-0.463206539,-635.7769418,0.005
936,ENSG00000131508,HGNC:12475,UBE2D2,3,-0.464047952,-4858.538935,0.005235602
937,ENSG00000140848,HGNC:2315,CPNE2,3,-0.468041472,-1416.530525,0.030456853
938,ENSG00000143977,HGNC:11163,SNRPG,3,-0.505282768,-2247.527591,0.005
939,ENSG00000167550,HGNC:21166,RHEBL1,3,-0.53328564,-111.3116189,0.005
940,ENSG00000130164,HGNC:6547,LDLR,3,-0.570838959,-5001.68944,0.005
941,ENSG00000104825,HGNC:7798,NFKBIB,3,-0.611153883,-1882.969194,0.005
942,ENSG00000105926,HGNC:18167,PALS2,3,-0.677967762,-1281.170879,0.005181347
943,ENSG00000115138,HGNC:9201,POMC,3,-0.720852515,-161.892052,0.005181347
944,ENSG00000123405,HGNC:7780,NFE2,3,-0.758820326,-274.5903554,0.025
945,ENSG00000117154,HGNC:28246,IGSF21,3,-0.775445416,-2258.409075,0.015
946,ENSG00000181856,HGNC:11009,SLC2A4,3,-0.80563823,-374.8851694,0.005235602
947,ENSG00000100097,HGNC:6561,LGALS1,3,-1.914204182,52975.66872,0.025125628
948,ENSG00000076662,HGNC:5346,ICAM3,3,-19.49000572,112.5061034,0.005
949,ENSG00000100351,HGNC:4563,GRAP2,3,-19.89114609,247.1154931,0.005235602
950,ENSG00000170091,HGNC:24955,NSG2,2,124.176406,441.8195112,0.005
951,ENSG00000174827,HGNC:8821,PDZK1,2,13.9936072,1168.588952,0.005
952,ENSG00000122861,HGNC:9052,PLAU,2,10.12377461,5335.081523,0.005235602
953,ENSG00000067715,HGNC:11509,SYT1,2,7.607271095,1825.745581,0.005
954,ENSG00000139515,HGNC:6107,PDX1,2,6.901382211,6.146818434,0.005102041
955,ENSG00000171303,HGNC:6278,KCNK3,2,6.195801695,446.1230822,0.005
956,ENSG00000026508,HGNC:1681,CD44,2,5.556696081,22994.39748,0.005
957,ENSG00000122691,HGNC:12428,TWIST1,2,4.744269278,493.5656588,0.005
958,ENSG00000026025,HGNC:12692,VIM,2,4.386335716,44173.80053,0.005
959,ENSG00000109072,HGNC:12724,VTN,2,4.240388106,105.985603,0.005
960,ENSG00000159409,HGNC:11967,CELF3,2,4.207385587,46.58291704,0.005
961,ENSG00000131910,HGNC:7961,NR0B2,2,3.957090361,2.888514659,0.005
962,ENSG00000184845,HGNC:3020,DRD1,2,3.498076092,28.15794482,0.005
963,ENSG00000138795,HGNC:6551,LEF1,2,3.275809549,1260.092924,0.005
964,ENSG00000241186,HGNC:11701,TDGF1,2,3.274442343,9.338237786,0.041884817
965,ENSG00000188257,HGNC:9031,PLA2G2A,2,3.154019544,645.922699,0.005
966,ENSG00000166592,HGNC:10446,RRAD,2,3.066836308,135.4387154,0.005
967,ENSG00000137265,HGNC:6119,IRF4,2,2.547812,308.2515244,0.005235602
968,ENSG00000134363,HGNC:3971,FST,2,2.53584735,978.844473,0.005
969,ENSG00000148908,HGNC:9992,RGS10,2,2.531829592,1894.122365,0.03626943
970,ENSG00000170689,HGNC:5120,HOXB9,2,2.439832219,171.6012052,0.005235602
971,ENSG00000135047,HGNC:2537,CTSL,2,2.436205121,4406.313939,0.005154639
972,ENSG00000179776,HGNC:1764,CDH5,2,2.366179432,2063.032353,0.005
973,ENSG00000168148,HGNC:4778,H3-4,2,2.346975408,1.795768651,0.005
974,ENSG00000160801,HGNC:9608,PTH1R,2,2.284991591,123.0850614,0.005
975,ENSG00000169429,HGNC:6025,CXCL8,2,2.235046867,347.2721467,0.005
976,ENSG00000153162,HGNC:1073,BMP6,2,2.11897146,177.3231148,0.005235602
977,ENSG00000213088,HGNC:4035,ACKR1,2,2.11604356,1085.901096,0.025
978,ENSG00000258947,HGNC:20772,TUBB3,2,2.041299377,219.4648926,0.005
979,ENSG00000115738,HGNC:5361,ID2,2,2.001969189,2860.67824,0.005
980,ENSG00000178562,HGNC:1653,CD28,2,1.937112477,161.2448221,0.005
981,ENSG00000129048,HGNC:1611,ACKR4,2,1.756094227,78.40404024,0.005
982,ENSG00000197837,HGNC:20510,H4-16,2,1.703202493,157.2109243,0.005
983,ENSG00000178573,HGNC:6776,MAF,2,1.570950331,1298.18009,0.005235602
984,ENSG00000147443,HGNC:2991,DOK2,2,1.530999533,250.0695304,0.005
985,ENSG00000181788,HGNC:10858,SIAH2,2,1.378919012,4011.335366,0.005
986,ENSG00000166225,HGNC:16971,FRS2,2,1.35407424,3154.995477,0.005
987,ENSG00000134107,HGNC:1046,BHLHE40,2,1.334803826,17745.40409,0.005
988,ENSG00000101665,HGNC:6773,SMAD7,2,1.315655096,1253.794951,0.005464481
989,ENSG00000175213,HGNC:20041,ZNF408,2,1.305260052,506.8484251,0.045685279
990,ENSG00000072310,HGNC:11289,SREBF1,2,1.293880773,11109.18597,0.005
991,ENSG00000125347,HGNC:6116,IRF1,2,1.291467008,2306.2414,0.005
992,ENSG00000180871,HGNC:6027,CXCR2,2,1.222768999,15.46127716,0.005
993,ENSG00000078900,HGNC:12003,TP73,2,1.205425273,240.4349215,0.005
994,ENSG00000141905,HGNC:7786,NFIC,2,1.200938396,7138.506212,0.03
995,ENSG00000150594,HGNC:281,ADRA2A,2,1.178614147,760.3336056,0.005
996,ENSG00000137077,HGNC:10620,CCL21,2,1.117418732,421.8169512,0.005
997,ENSG00000113494,HGNC:9446,PRLR,2,1.075186612,6874.385186,0.005
998,ENSG00000168309,HGNC:30827,FAM107A,2,1.01722467,329.3155944,0.005235602
999,ENSG00000102554,HGNC:6349,KLF5,2,0.916043831,942.8631887,0.005
1000,ENSG00000167797,HGNC:30833,CDK2AP2,2,0.839003871,1937.984177,0.010152284
1001,ENSG00000087086,HGNC:3999,FTL,2,0.801975302,46517.78898,0.005
1002,ENSG00000103479,HGNC:9894,RBL2,2,0.7665797,1868.787574,0.005
1003,ENSG00000146278,HGNC:17278,PNRC1,2,0.741137815,2104.667255,0.005181347
1004,ENSG00000110321,HGNC:3297,EIF4G2,2,0.702041475,22172.65476,0.005
1005,ENSG00000012983,HGNC:6867,MAP4K5,2,0.659758103,1157.462017,0.005
1006,ENSG00000084234,HGNC:598,APLP2,2,0.624551364,14886.98987,0.005235602
1007,ENSG00000273841,HGNC:11542,TAF9,2,0.601166904,893.7886308,0.020304569
1008,ENSG00000160307,HGNC:10500,S100B,2,0.600847635,246.9536847,0.046391753
1009,ENSG00000169136,HGNC:790,ATF5,2,0.594657107,1175.327636,0.005
1010,ENSG00000274211,HGNC:29846,SOCS7,2,0.591192652,779.7756561,0.005235602
1011,ENSG00000159840,HGNC:13200,ZYX,2,0.580024519,6087.066437,0.005
1012,ENSG00000117318,HGNC:5362,ID3,2,0.57260224,820.8823369,0.045
1013,ENSG00000179010,HGNC:24549,MRFAP1,2,0.569463291,7307.344378,0.025380711
1014,ENSG00000138069,HGNC:9758,RAB1A,2,0.569234204,3764.125176,0.005
1015,ENSG00000100842,HGNC:16898,EFS,2,0.555385893,941.1634206,0.005235602
1016,ENSG00000117632,HGNC:6510,STMN1,2,0.550675125,4376.69738,0.005
1017,ENSG00000177885,HGNC:4566,GRB2,2,0.52276643,4740.504282,0.005
1018,ENSG00000187514,HGNC:9623,PTMA,2,0.506009798,14738.36212,0.005
1019,ENSG00000168310,HGNC:6117,IRF2,2,0.504784228,889.9704558,0.005
1020,ENSG00000172466,HGNC:13032,ZNF24,2,0.493661318,2702.423888,0.005
1021,ENSG00000108599,HGNC:368,AKAP10,2,0.493483036,566.2158185,0.005
1022,ENSG00000100461,HGNC:20155,RBM23,2,0.484584764,1613.865451,0.005
1023,ENSG00000078808,HGNC:24188,SDF4,2,0.468913133,3351.488973,0.005
1024,ENSG00000163110,HGNC:17468,PDLIM5,2,0.468611853,4416.687202,0.015
1025,ENSG00000108669,HGNC:9501,CYTH1,2,0.45981008,1168.605983,0.015
1026,ENSG00000197045,HGNC:4373,GMFB,2,0.452165534,1305.032494,0.005
1027,ENSG00000213281,HGNC:7989,NRAS,2,0.442902585,1295.432502,0.015
1028,ENSG00000183283,HGNC:2684,DAZAP2,2,0.436816104,5284.616645,0.005
1029,ENSG00000159202,HGNC:25847,UBE2Z,2,0.436610788,2963.167476,0.005
1030,ENSG00000099956,HGNC:11103,SMARCB1,2,0.419862997,1327.294354,0.005
1031,ENSG00000167005,HGNC:13870,NUDT21,2,0.419359548,1614.637059,0.005
1032,ENSG00000137267,HGNC:12412,TUBB2A,2,0.361767278,300.8560122,0.01
1033,ENSG00000180198,HGNC:1913,RCC1,2,0.357491699,879.4444225,0.031413613
1034,ENSG00000107317,HGNC:9592,PTGDS,2,0.341873786,541.2513146,0.04
1035,ENSG00000117751,HGNC:9296,PPP1R8,2,0.338380747,714.1805002,0.005
1036,ENSG00000141985,HGNC:10830,SH3GL1,2,0.322887281,1380.997818,0.005
1037,ENSG00000130340,HGNC:14973,SNX9,2,0.320194452,1448.987274,0.005235602
1038,ENSG00000166949,HGNC:6769,SMAD3,2,0.319969275,959.4090102,0.015
1039,ENSG00000125753,HGNC:12652,VASP,2,0.312818049,1629.991869,0.01
1040,ENSG00000107816,HGNC:29381,LZTS2,2,0.297392463,1540.474168,0.005
1041,ENSG00000090487,HGNC:20373,SPG21,2,0.289496791,1324.130293,0.005
1042,ENSG00000172531,HGNC:9281,PPP1CA,2,0.284375085,3205.057279,0.005
1043,ENSG00000078369,HGNC:4396,GNB1,2,0.272576423,6007.568149,0.02
1044,ENSG00000115561,HGNC:29865,CHMP3,2,0.259960845,1184.526322,0.005
1045,ENSG00000179562,HGNC:19095,GCC1,2,0.249936782,461.128645,0.02
1046,ENSG00000185236,HGNC:9761,RAB11B,2,0.244982882,1495.25394,0.01
1047,ENSG00000126457,HGNC:5187,PRMT1,2,0.222044333,1204.195219,0.005
1048,ENSG00000100603,HGNC:16696,SNW1,2,0.218159144,803.4804508,0.005235602
1049,ENSG00000149480,HGNC:7411,MTA2,2,0.199887187,1073.813573,0.02617801
1050,ENSG00000116473,HGNC:9855,RAP1A,2,0.19254961,616.7210348,0.02
1051,ENSG00000103168,HGNC:11534,TAF1C,2,0.181144601,287.7955417,0.047120419
1052,ENSG00000079277,HGNC:7110,MKNK1,2,0.172990886,244.972971,0.036649215
1053,ENSG00000111540,HGNC:9784,RAB5B,2,0.157988045,1868.235878,0.04
1054,ENSG00000076984,HGNC:6847,MAP2K7,2,0.123789842,358.3464396,0.045
1055,ENSG00000102978,HGNC:9189,POLR2C,2,0.110930459,377.2335818,0.035
1056,ENSG00000114030,HGNC:6394,KPNA1,2,0.05014388,157.2829995,0.005
1057,ENSG00000113575,HGNC:9299,PPP2CA,2,-0.131346253,-1409.480703,0.02
1058,ENSG00000116030,HGNC:12502,SUMO1,2,-0.146054578,-1108.268276,0.015
1059,ENSG00000197265,HGNC:4651,GTF2E2,2,-0.154796062,-314.5111648,0.005235602
1060,ENSG00000159479,HGNC:19971,MED8,2,-0.181092492,-545.6958789,0.015706806
1061,ENSG00000108010,HGNC:15987,GLRX3,2,-0.184288027,-606.6139149,0.020942408
1062,ENSG00000070190,HGNC:16500,DAPP1,2,-0.219898309,-341.3390744,0.020304569
1063,ENSG00000088986,HGNC:15476,DYNLL1,2,-0.223761086,-3143.838201,0.015
1064,ENSG00000272325,HGNC:8050,NUDT3,2,-0.233361074,-596.6215819,0.02
1065,ENSG00000101189,HGNC:15866,MRGBP,2,-0.24814619,-449.5307702,0.015
1066,ENSG00000077721,HGNC:12472,UBE2A,2,-0.254130047,-1399.984103,0.02617801
1067,ENSG00000066027,HGNC:9309,PPP2R5A,2,-0.262422254,-2134.549444,0.04
1068,ENSG00000163902,HGNC:10381,RPN1,2,-0.263311322,-8209.56477,0.005
1069,ENSG00000099942,HGNC:2363,CRKL,2,-0.264193167,-2035.112037,0.036082474
1070,ENSG00000196470,HGNC:10857,SIAH1,2,-0.271866523,-333.645416,0.005
1071,ENSG00000116455,HGNC:29652,WDR77,2,-0.273043441,-603.2084033,0.005235602
1072,ENSG00000175166,HGNC:9559,PSMD2,2,-0.281035505,-6195.422224,0.025773196
1073,ENSG00000163882,HGNC:9195,POLR2H,2,-0.298435863,-1304.489911,0.005
1074,ENSG00000137842,HGNC:26269,TMEM62,2,-0.299268447,-928.2821521,0.035
1075,ENSG00000092208,HGNC:10884,GEMIN2,2,-0.332754662,-246.4014264,0.005
1076,ENSG00000115946,HGNC:32790,PNO1,2,-0.352005766,-892.6596481,0.005235602
1077,ENSG00000142273,HGNC:15961,CBLC,2,-0.353916859,-883.5555768,0.005
1078,ENSG00000105640,HGNC:10311,RPL18A,2,-0.358026755,-10126.97393,0.02
1079,ENSG00000241127,HGNC:24857,YAE1,2,-0.367520603,-345.1789188,0.025
1080,ENSG00000239857,HGNC:21690,GET4,2,-0.368747877,-183.967559,0.04
1081,ENSG00000155508,HGNC:9207,CNOT8,2,-0.378972904,-2673.899257,0.005
1082,ENSG00000183386,HGNC:3704,FHL3,2,-0.387092,-1280.393597,0.025773196
1083,ENSG00000204392,HGNC:13940,LSM2,2,-0.391372305,-1482.474532,0.015
1084,ENSG00000111640,HGNC:4141,GAPDH,2,-0.398212101,-132633.7244,0.031413613
1085,ENSG00000220205,HGNC:12643,VAMP2,2,-0.39831598,-2940.690548,0.005076142
1086,ENSG00000154727,HGNC:4071,GABPA,2,-0.40582781,-1853.464485,0.005154639
1087,ENSG00000175197,HGNC:2726,DDIT3,2,-0.412906187,-714.4320184,0.005
1088,ENSG00000104863,HGNC:17788,LIN7B,2,-0.420464035,-193.9844025,0.015
1089,ENSG00000136197,HGNC:21703,C7orf25,2,-0.445458058,-39.59456747,0.005
1090,ENSG00000101400,HGNC:11167,SNTA1,2,-0.450967342,-996.1523135,0.005
1091,ENSG00000128266,HGNC:4395,GNAZ,2,-0.460881907,-524.1108226,0.005154639
1092,ENSG00000113387,HGNC:19985,SUB1,2,-0.472512695,-17844.14228,0.005235602
1093,ENSG00000197747,HGNC:10487,S100A10,2,-0.478657577,-10778.96962,0.02617801
1094,ENSG00000148082,HGNC:18181,SHC3,2,-0.483574217,-154.5689837,0.041884817
1095,ENSG00000176884,HGNC:4584,GRIN1,2,-0.495991483,-224.7171477,0.005
1096,ENSG00000033327,HGNC:14458,GAB2,2,-0.501590169,-3260.020941,0.005
1097,ENSG00000154710,HGNC:17676,RABGEF1,2,-0.519891724,-355.2864961,0.015
1098,ENSG00000130159,HGNC:29548,ECSIT,2,-0.525496701,-2175.659505,0.005
1099,ENSG00000175220,HGNC:673,ARHGAP1,2,-0.537404129,-13690.5343,0.035353535
1100,ENSG00000161057,HGNC:9548,PSMC2,2,-0.538935985,-6395.192394,0.005
1101,ENSG00000087074,HGNC:14375,PPP1R15A,2,-0.543767382,-4142.323669,0.02
1102,ENSG00000206503,HGNC:4931,HLA-A,2,-0.546033277,-65493.93424,0.035532995
1103,ENSG00000204632,HGNC:4964,HLA-G,2,-0.600758934,-411.738114,0.005
1104,ENSG00000078399,HGNC:5109,HOXA9,2,-0.605003496,-302.9298889,0.025
1105,ENSG00000150907,HGNC:3819,FOXO1,2,-0.672495458,-3335.017734,0.005
1106,ENSG00000144891,HGNC:336,AGTR1,2,-0.756094235,-4682.123199,0.005
1107,ENSG00000177791,HGNC:13752,MYOZ1,2,-0.756495449,-305.908001,0.02
1108,ENSG00000253293,HGNC:5100,HOXA10,2,-0.770245279,-762.9668957,0.005
1109,ENSG00000128340,HGNC:9802,RAC2,2,-2.920860734,3837.762211,0.005235602
1110,ENSG00000030582,HGNC:4601,GRN,2,-6.031254005,37651.36201,0.02617801
1111,ENSG00000136574,HGNC:4173,GATA4,1,597.8928876,91.10598836,0.005
1112,ENSG00000196611,HGNC:7155,MMP1,1,329.352174,1988.270984,0.005
1113,ENSG00000139352,HGNC:738,ASCL1,1,69.33212103,348.6896105,0.005235602
1114,ENSG00000133636,HGNC:8038,NTS,1,32.19314323,1520.554889,0.005
1115,ENSG00000141480,HGNC:712,ARRB2,1,19.86011129,2271.538724,0.020942408
1116,ENSG00000122585,HGNC:7955,NPY,1,17.45840079,39.13078261,0.005
1117,ENSG00000136352,HGNC:11825,NKX2-1,1,14.82852301,19.87895578,0.005235602
1118,ENSG00000006128,HGNC:11517,TAC1,1,8.39301666,38.39581527,0.005
1119,ENSG00000156234,HGNC:10639,CXCL13,1,7.467210692,3962.800441,0.005
1120,ENSG00000139567,HGNC:175,ACVRL1,1,5.03813432,1205.408423,0.005235602
1121,ENSG00000197746,HGNC:9498,PSAP,1,4.954897392,86179.79834,0.020942408
1122,ENSG00000101144,HGNC:1074,BMP7,1,4.201935128,520.2669604,0.005235602
1123,ENSG00000184557,HGNC:19391,SOCS3,1,4.167912739,4881.379968,0.005235602
1124,ENSG00000064300,HGNC:7809,NGFR,1,3.535110192,1055.144196,0.02
1125,ENSG00000069667,HGNC:10258,RORA,1,3.509467686,834.3289779,0.005
1126,ENSG00000198681,HGNC:6796,MAGEA1,1,3.120597833,102.3350895,0.005
1127,ENSG00000113739,HGNC:11374,STC2,1,3.062593712,26462.41544,0.005
1128,ENSG00000026103,HGNC:11920,FAS,1,2.874243776,636.6983165,0.005
1129,ENSG00000105369,HGNC:1698,CD79A,1,2.776113416,854.9857809,0.005
1130,ENSG00000129993,HGNC:1537,CBFA2T3,1,2.256427085,826.6410694,0.005
1131,ENSG00000180176,HGNC:11782,TH,1,2.15615301,44.54980446,0.005154639
1132,ENSG00000124762,HGNC:1784,CDKN1A,1,2.151372537,4350.999922,0.005235602
1133,ENSG00000020633,HGNC:10473,RUNX3,1,1.899495502,826.3309125,0.005235602
1134,ENSG00000182533,HGNC:1529,CAV3,1,1.781535142,2.023490844,0.005235602
1135,ENSG00000136931,HGNC:7983,NR5A1,1,1.7507802,15.78982899,0.005
1136,ENSG00000110092,HGNC:1582,CCND1,1,1.738233028,24967.07207,0.005
1137,ENSG00000184047,HGNC:21528,DIABLO,1,1.704649003,379.3688191,0.015
1138,ENSG00000173372,HGNC:1241,C1QA,1,1.666793382,5246.315898,0.005
1139,ENSG00000111752,HGNC:3182,PHC1,1,1.66252403,426.8518123,0.005235602
1140,ENSG00000150687,HGNC:14370,PRSS23,1,1.655771278,9606.919028,0.005
1141,ENSG00000167244,HGNC:5466,IGF2,1,1.599733203,9113.725362,0.005050505
1142,ENSG00000175084,HGNC:2770,DES,1,1.590774896,222.4616969,0.005
1143,ENSG00000178860,HGNC:7321,MSC,1,1.586947885,433.2459134,0.005
1144,ENSG00000135547,HGNC:4881,HEY2,1,1.556571826,355.6326761,0.031088083
1145,ENSG00000136238,HGNC:9801,RAC1,1,1.485589681,11942.2749,0.045
1146,ENSG00000177606,HGNC:6204,JUN,1,1.365022382,7939.483431,0.005181347
1147,ENSG00000063244,HGNC:23156,U2AF2,1,1.351505718,7803.537289,0.005
1148,ENSG00000087077,HGNC:12311,TRIP6,1,1.32845259,3139.582026,0.025
1149,ENSG00000171223,HGNC:6205,JUNB,1,1.264791867,7312.663352,0.005154639
1150,ENSG00000213246,HGNC:11467,SUPT4H1,1,1.063674397,2415.273631,0.01
1151,ENSG00000137486,HGNC:711,ARRB1,1,0.964667118,1241.272627,0.02
1152,ENSG00000114737,HGNC:1984,CISH,1,0.951043325,1776.765543,0.005
1153,ENSG00000145335,HGNC:11138,SNCA,1,0.917829414,68.99327672,0.005
1154,ENSG00000176903,HGNC:9158,PNMA1,1,0.901145054,1328.584143,0.005
1155,ENSG00000108819,HGNC:9298,PPP1R9B,1,0.860433019,3421.349137,0.005
1156,ENSG00000176749,HGNC:1775,CDK5R1,1,0.860238677,185.064211,0.031413613
1157,ENSG00000275302,HGNC:10630,CCL4,1,0.85923563,191.8939281,0.005
1158,ENSG00000142864,HGNC:17860,SERBP1,1,0.806504055,7212.104005,0.010362694
1159,ENSG00000169564,HGNC:8647,PCBP1,1,0.771534651,4231.243686,0.005
1160,ENSG00000005882,HGNC:8810,PDK2,1,0.724924747,664.1063401,0.005235602
1161,ENSG00000111652,HGNC:16758,COPS7A,1,0.690856112,2114.481496,0.005
1162,ENSG00000135446,HGNC:1773,CDK4,1,0.681277291,1806.200966,0.005235602
1163,ENSG00000125249,HGNC:9861,RAP2A,1,0.667593771,1430.851138,0.015228426
1164,ENSG00000133639,HGNC:1130,BTG1,1,0.62917178,3900.209917,0.005
1165,ENSG00000087448,HGNC:29252,KLHL42,1,0.557870266,888.884629,0.005
1166,ENSG00000103275,HGNC:12485,UBE2I,1,0.512736818,3683.291003,0.005
1167,ENSG00000115718,HGNC:9451,PROC,1,0.487524109,24.00019042,0.02
1168,ENSG00000141682,HGNC:9108,PMAIP1,1,0.480351811,330.809533,0.03
1169,ENSG00000185633,HGNC:29836,NDUFA4L2,1,0.478922738,489.5163042,0.005
1170,ENSG00000197063,HGNC:6781,MAFG,1,0.459596803,778.8486512,0.005235602
1171,ENSG00000168395,HGNC:19421,ING5,1,0.446055836,391.8414869,0.02
1172,ENSG00000120889,HGNC:11905,TNFRSF10B,1,0.434399928,707.4160462,0.005
1173,ENSG00000168056,HGNC:6716,LTBP3,1,0.425103162,3507.895941,0.031413613
1174,ENSG00000105698,HGNC:12594,USF2,1,0.42238215,2872.063711,0.005181347
1175,ENSG00000075618,HGNC:11148,FSCN1,1,0.40916078,2065.865208,0.047120419
1176,ENSG00000141522,HGNC:678,ARHGDIA,1,0.398026208,4897.64151,0.005154639
1177,ENSG00000117758,HGNC:11430,STX12,1,0.396304583,937.9300132,0.005
1178,ENSG00000114745,HGNC:16769,GORASP1,1,0.370141868,835.7358873,0.005
1179,ENSG00000001167,HGNC:7804,NFYA,1,0.357438398,848.1433719,0.005
1180,ENSG00000099817,HGNC:9192,POLR2E,1,0.320975236,2107.490554,0.005
1181,ENSG00000166197,HGNC:15608,NOLC1,1,0.31436581,2061.645755,0.02
1182,ENSG00000087266,HGNC:10825,SH3BP2,1,0.30382173,778.3188125,0.005154639
1183,ENSG00000168092,HGNC:8575,PAFAH1B2,1,0.303146116,1417.117644,0.015463918
1184,ENSG00000109103,HGNC:12565,UNC119,1,0.282433937,424.4710364,0.02
1185,ENSG00000123091,HGNC:10056,RNF11,1,0.271132481,1268.057858,0.005235602
1186,ENSG00000069974,HGNC:9766,RAB27A,1,0.242549354,308.2804038,0.005
1187,ENSG00000177425,HGNC:8614,PAWR,1,0.232210481,1145.442524,0.02617801
1188,ENSG00000118046,HGNC:11389,STK11,1,0.210360074,772.9232645,0.01
1189,ENSG00000167193,HGNC:2362,CRK,1,0.205263491,810.9971814,0.015
1190,ENSG00000131467,HGNC:9570,PSME3,1,0.157139777,1017.470313,0.046391753
1191,ENSG00000079246,HGNC:12833,XRCC5,1,0.149766026,2712.11168,0.015
1192,ENSG00000100811,HGNC:12856,YY1,1,0.146429016,943.4597126,0.015706806
1193,ENSG00000070423,HGNC:21151,RNF126,1,0.122033411,225.4559,0.015
1194,ENSG00000204227,HGNC:10018,RING1,1,0.107005476,329.8717813,0.03
1195,ENSG00000144231,HGNC:9191,POLR2D,1,-0.100788686,-287.1313306,0.015
1196,ENSG00000127191,HGNC:12032,TRAF2,1,-0.162820677,-492.6374219,0.005
1197,ENSG00000137947,HGNC:4648,GTF2B,1,-0.202047948,-380.8914668,0.005
1198,ENSG00000242372,HGNC:6159,EIF6,1,-0.202200864,-1697.850068,0.040609137
1199,ENSG00000089220,HGNC:8630,PEBP1,1,-0.20975921,-5437.427826,0.005235602
1200,ENSG00000100028,HGNC:11160,SNRPD3,1,-0.226847753,-1865.555913,0.01
1201,ENSG00000171703,HGNC:11614,TCEA2,1,-0.241444031,-829.3155521,0.005
1202,ENSG00000166012,HGNC:28759,TAF1D,1,-0.245193395,-982.0107048,0.035
1203,ENSG00000184436,HGNC:23190,THAP7,1,-0.257824086,-716.1966081,0.035
1204,ENSG00000114812,HGNC:12694,VIPR1,1,-0.266379923,-369.2007854,0.035
1205,ENSG00000115514,HGNC:24110,TXNDC9,1,-0.268124099,-660.4299053,0.005
1206,ENSG00000002016,HGNC:9824,RAD52,1,-0.26878928,-178.0610651,0.035
1207,ENSG00000125170,HGNC:19868,DOK4,1,-0.296593266,-428.2291204,0.010309278
1208,ENSG00000120656,HGNC:11545,TAF12,1,-0.31186818,-648.1648362,0.036649215
1209,ENSG00000128408,HGNC:13241,RIBC2,1,-0.324873907,-113.4612603,0.015
1210,ENSG00000103415,HGNC:5014,HMOX2,1,-0.330919337,-1551.271951,0.025
1211,ENSG00000101255,HGNC:16228,TRIB3,1,-0.353408597,-1559.044346,0.025
1212,ENSG00000143553,HGNC:17145,SNAPIN,1,-0.354288954,-1343.765886,0.005235602
1213,ENSG00000182004,HGNC:11161,SNRPE,1,-0.358546517,-2289.097778,0.025
1214,ENSG00000205581,HGNC:4984,HMGN1,1,-0.374356553,-6843.867897,0.005
1215,ENSG00000086730,HGNC:12749,LAT2,1,-0.375667918,-476.8851171,0.02247191
1216,ENSG00000006634,HGNC:17364,DBF4,1,-0.38283398,-529.6264437,0.015
1217,ENSG00000138668,HGNC:5036,HNRNPD,1,-0.382937664,-7014.003432,0.005181347
1218,ENSG00000107338,HGNC:10838,SHB,1,-0.383879591,-701.8667833,0.005
1219,ENSG00000137312,HGNC:3757,FLOT1,1,-0.392296467,-8478.840539,0.025
1220,ENSG00000168090,HGNC:21749,COPS6,1,-0.399528857,-4003.408759,0.005
1221,ENSG00000167088,HGNC:11158,SNRPD1,1,-0.406261858,-2125.051689,0.005
1222,ENSG00000136810,HGNC:12435,TXN,1,-0.432939873,-7797.673906,0.005235602
1223,ENSG00000006062,HGNC:6853,MAP3K14,1,-0.435911184,-915.8261213,0.02
1224,ENSG00000187840,HGNC:3288,EIF4EBP1,1,-0.441442014,-3603.057272,0.005
1225,ENSG00000119878,HGNC:14312,CRIPT,1,-0.454418835,-923.1495671,0.01
1226,ENSG00000178999,HGNC:11390,AURKB,1,-0.460216952,-674.412691,0.015
1227,ENSG00000102878,HGNC:5227,HSF4,1,-0.508348296,-730.8409965,0.005
1228,ENSG00000158716,HGNC:21480,DUSP23,1,-0.548956544,-3611.959954,0.005
1229,ENSG00000116741,HGNC:9998,RGS2,1,-0.587371283,-3015.235322,0.005181347
1230,ENSG00000105610,HGNC:6345,KLF1,1,-0.672675352,-25.61548188,0.005235602
1231,ENSG00000125965,HGNC:4220,GDF5,1,-0.695313029,-147.4722041,0.015706806
1232,ENSG00000127824,HGNC:12407,TUBA4A,1,-0.701315954,-6435.6039,0.005
1233,ENSG00000213658,HGNC:18874,LAT,1,-0.713731398,-85.77086872,0.01
1234,ENSG00000108688,HGNC:10634,CCL7,1,-0.779930033,-116.4067132,0.035
1235,ENSG00000186652,HGNC:9362,PRG2,1,-0.791822562,-16.9354155,0.02
1236,ENSG00000196262,HGNC:9253,PPIA,1,-0.794361578,-81463.48404,0.005
1237,ENSG00000111907,HGNC:12006,TPD52L1,1,-0.873423148,-25619.97845,0.010471204
1238,ENSG00000173991,HGNC:11610,TCAP,1,-0.878857008,-1171.989792,0.02
1239,ENSG00000125084,HGNC:12774,WNT1,1,-7.063253085,4.636319737,0.005235602
1240,ENSG00000175592,HGNC:13718,FOSL1,1,-8.269621705,441.5707597,0.005235602
1241,ENSG00000111679,HGNC:9658,PTPN6,1,-8.897750269,5063.357622,0.005025126
1242,ENSG00000198873,HGNC:4544,GRK5,1,-378.8869045,837.3868303,0.005
1243,ENSG00000120659,HGNC:11926,TNFSF11,0,9.388118189,115.5124848,0.005
1244,ENSG00000129152,HGNC:7611,MYOD1,0,3.011381362,1.07330328,0.015075377
1245,ENSG00000169213,HGNC:9778,RAB3B,0,2.611741307,362.0185675,0.005
1246,ENSG00000070087,HGNC:8882,PFN2,0,2.547962598,6130.976458,0.020725389
1247,ENSG00000159388,HGNC:1131,BTG2,0,2.353245789,14131.44577,0.005
1248,ENSG00000240583,HGNC:633,AQP1,0,1.966153174,5369.814072,0.005
1249,ENSG00000142549,HGNC:34550,IGLON5,0,1.799394759,25.56061276,0.005235602
1250,ENSG00000261371,HGNC:8823,PECAM1,0,1.735405711,6514.544335,0.005
1251,ENSG00000104435,HGNC:10577,STMN2,0,1.546628188,75.10897559,0.005
1252,ENSG00000196136,HGNC:16,SERPINA3,0,1.50187234,338.8348296,0.015706806
1253,ENSG00000171791,HGNC:990,BCL2,0,1.499894175,2928.422575,0.02
1254,ENSG00000167996,HGNC:3976,FTH1,0,1.478886546,21143.40552,0.005
1255,ENSG00000115008,HGNC:5991,IL1A,0,1.432997616,13.49381372,0.005
1256,ENSG00000213722,HGNC:2716,DDAH2,0,1.404172544,3346.929772,0.04
1257,ENSG00000099985,HGNC:8506,OSM,0,1.321852609,140.8175849,0.005
1258,ENSG00000182718,HGNC:537,ANXA2,0,1.293406386,26520.66107,0.005
1259,ENSG00000133818,HGNC:17271,RRAS2,0,1.034027565,385.0048432,0.041450777
1260,ENSG00000159251,HGNC:143,ACTC1,0,0.947768564,13.27021665,0.02
1261,ENSG00000107807,HGNC:5056,TLX1,0,0.849950266,56.83585925,0.005
1262,ENSG00000149257,HGNC:1546,SERPINH1,0,0.839139021,7595.86067,0.005076142
1263,ENSG00000134086,HGNC:12687,VHL,0,0.833071187,1406.643679,0.005
1264,ENSG00000175538,HGNC:6243,KCNE3,0,0.819759065,149.1379413,0.005076142
1265,ENSG00000154016,HGNC:4562,GRAP,0,0.786423847,27.17180131,0.005
1266,ENSG00000277443,HGNC:6759,MARCKS,0,0.735150331,5419.352076,0.005
1267,ENSG00000125538,HGNC:5992,IL1B,0,0.722876289,126.3589971,0.005
1268,ENSG00000255302,HGNC:1191,EID1,0,0.692430457,3339.915626,0.005
1269,ENSG00000183092,HGNC:24163,BEGAIN,0,0.679171718,61.7352896,0.005
1270,ENSG00000122180,HGNC:7612,MYOG,0,0.676430772,2.457698063,0.04
1271,ENSG00000174697,HGNC:6553,LEP,0,0.658102904,134.9750733,0.02
1272,ENSG00000111674,HGNC:3353,ENO2,0,0.64742342,1209.90302,0.02
1273,ENSG00000105325,HGNC:24824,FZR1,0,0.591561455,1631.905997,0.005
1274,ENSG00000108861,HGNC:3069,DUSP3,0,0.573213711,1805.509285,0.005
1275,ENSG00000163453,HGNC:5476,IGFBP7,0,0.549825765,6839.630256,0.015
1276,ENSG00000243414,HGNC:21354,TICAM2,0,0.527305622,3.448362309,0.02
1277,ENSG00000165527,HGNC:659,ARF6,0,0.497320072,3519.157543,0.005
1278,ENSG00000147883,HGNC:1788,CDKN2B,0,0.462501796,470.0124611,0.010471204
1279,ENSG00000123374,HGNC:1771,CDK2,0,0.403304012,659.1660882,0.005
1280,ENSG00000126247,HGNC:1481,CAPNS1,0,0.384134113,6099.167674,0.047120419
1281,ENSG00000196154,HGNC:10494,S100A4,0,0.383299393,1355.177524,0.025906736
1282,ENSG00000186827,HGNC:11918,TNFRSF4,0,0.367436795,80.16898657,0.005
1283,ENSG00000171700,HGNC:13735,RGS19,0,0.358508318,417.7308476,0.005154639
1284,ENSG00000157110,HGNC:19097,RBPMS,0,0.321639822,1070.687165,0.005
1285,ENSG00000185386,HGNC:6873,MAPK11,0,0.28667606,211.2372013,0.005
1286,ENSG00000182979,HGNC:7410,MTA1,0,0.251829972,959.008797,0.005
1287,ENSG00000140941,HGNC:13352,MAP1LC3B,0,0.210176131,873.9057218,0.015
1288,ENSG00000181163,HGNC:7910,NPM1,0,0.130245115,3513.861428,0.04
1289,ENSG00000099804,HGNC:1734,CDC34,0,-0.135120682,-477.0421135,0.035
1290,ENSG00000088832,HGNC:3711,FKBP1A,0,-0.182730049,-2683.051319,0.005
1291,ENSG00000074201,HGNC:2080,CLNS1A,0,-0.18523738,-1297.394311,0.005
1292,ENSG00000078140,HGNC:4914,UBE2K,0,-0.188331801,-1991.732039,0.005
1293,ENSG00000104957,HGNC:28118,YJU2B,0,-0.190971928,-344.1640154,0.015
1294,ENSG00000136936,HGNC:12814,XPA,0,-0.243536769,-250.3272601,0.04
1295,ENSG00000104964,HGNC:307,TLE5,0,-0.252046462,-8870.99903,0.005076142
1296,ENSG00000068028,HGNC:9882,RASSF1,0,-0.256948984,-635.8972138,0.015
1297,ENSG00000142252,HGNC:20045,GEMIN7,0,-0.256954709,-317.3868779,0.040609137
1298,ENSG00000169750,HGNC:9803,RAC3,0,-0.314373145,-729.2654316,0.005
1299,ENSG00000176124,HGNC:13747,DLEU1,0,-0.314753248,-143.8232641,0.005
1300,ENSG00000006638,HGNC:11608,TBXA2R,0,-0.317291327,-75.01135864,0.03
1301,ENSG00000173465,HGNC:11328,ZNRD2,0,-0.342369567,-809.7924727,0.015463918
1302,ENSG00000166925,HGNC:21696,TSC22D4,0,-0.344073968,-1691.729074,0.005
1303,ENSG00000188130,HGNC:6874,MAPK12,0,-0.3442165,-329.4012409,0.036082474
1304,ENSG00000166228,HGNC:8646,PCBD1,0,-0.351787563,-1967.130998,0.005235602
1305,ENSG00000011600,HGNC:12449,TYROBP,0,-0.370934891,-1729.0474,0.02
1306,ENSG00000127445,HGNC:8988,PIN1,0,-0.371082937,-1194.674292,0.015
1307,ENSG00000140939,HGNC:7869,NOL3,0,-0.372559003,-1053.878131,0.005
1308,ENSG00000094916,HGNC:1555,CBX5,0,-0.382545271,-5450.215768,0.005154639
1309,ENSG00000241468,HGNC:848,ATP5MF,0,-0.388091056,-3190.659529,0.005
1310,ENSG00000128534,HGNC:20471,LSM8,0,-0.410529083,-1786.141554,0.005
1311,ENSG00000075914,HGNC:28112,EXOSC7,0,-0.447154357,-1241.308584,0.005
1312,ENSG00000184900,HGNC:11124,SUMO3,0,-0.462161911,-9566.641594,0.005181347
1313,ENSG00000160973,HGNC:3814,FOXH1,0,-0.478406787,-25.61660414,0.015
1314,ENSG00000102871,HGNC:12030,TRADD,0,-0.484263381,-994.6778722,0.005
1315,ENSG00000090520,HGNC:14889,DNAJB11,0,-0.523122849,-4688.627206,0.005
1316,ENSG00000204389,HGNC:5232,HSPA1A,0,-0.536823752,-8671.010919,0.005
1317,ENSG00000079462,HGNC:8576,PAFAH1B3,0,-0.617790533,-6126.749128,0.015
