"","Ensembl.ID","HGNC.ID","HGNC.symbol","RelEffect","AbsEffect","p"
"1","ENSG00000095066","HGNC:19885","HOOK2",5167.37962048683,27.7748204097533,0.0218579234972678
"2","ENSG00000090104","HGNC:9991","RGS1",3643.0906731068,87.9035584546334,0.00546448087431694
"3","ENSG00000146648","HGNC:3236","EGFR",3112.5503140755,6.32780413697262,0.005
"4","ENSG00000131981","HGNC:6563","LGALS3",3005.44710497545,84.8032492810619,0.00546448087431694
"5","ENSG00000139618","HGNC:1101","BRCA2",2429.5728774606,10.1996129654237,0.00546448087431694
"6","ENSG00000113580","HGNC:7978","NR3C1",1724.40903984253,18.8470834395237,0.00546448087431694
"7","ENSG00000145675","HGNC:8979","PIK3R1",1680.03587803576,43.3916965907183,0.005
"8","ENSG00000116478","HGNC:4852","HDAC1",1124.17987980101,20.1781419940964,0.005
"9","ENSG00000147168","HGNC:6010","IL2RG",1098.62145265624,24.4880359479247,0.00546448087431694
"10","ENSG00000115170","HGNC:171","ACVR1",1049.618680304,11.8072199987217,0.00546448087431694
"11","ENSG00000118971","HGNC:1583","CCND2",987.390581290942,5.57344332919303,0.00546448087431694
"12","ENSG00000057657","HGNC:9346","PRDM1",834.294925158638,8.1053011356938,0.005
"13","ENSG00000129675","HGNC:685","ARHGEF6",821.780364043467,6.61715950246664,0.00546448087431694
"14","ENSG00000204388","HGNC:5233","HSPA1B",770.636830303084,83.1467318721019,0.00546448087431694
"15","ENSG00000065534","HGNC:7590","MYLK",752.098117501647,19.9636840242071,0.00546448087431694
"16","ENSG00000211899","HGNC:5541","IGHM",499.87897758787,6.03597073847055,0.005
"17","ENSG00000157110","HGNC:19097","RBPMS",419.643823198251,19.0454620791055,0.005
"18","ENSG00000105810","HGNC:1777","CDK6",371.560314641993,10.7687049092113,0.005
"19","ENSG00000134954","HGNC:3488","ETS1",340.673040079061,3.48391025670601,0.005
"20","ENSG00000130699","HGNC:11537","TAF4",329.869698305447,3.55001987360764,0.005
"21","ENSG00000162511","HGNC:29612","LAPTM5",318.33128000908,14.8503851052963,0.00546448087431694
"22","ENSG00000169554","HGNC:14881","ZEB2",305.565388674856,7.59290373950831,0.005
"23","ENSG00000071539","HGNC:12307","TRIP13",293.700485980491,4.48245786613483,0.00546448087431694
"24","ENSG00000123609","HGNC:7854","NMI",203.466753422269,18.0322544130133,0.005
"25","ENSG00000086015","HGNC:19035","MAST2",199.58099368631,4.1438625954429,0.00546448087431694
"26","ENSG00000163565","HGNC:5395","IFI16",194.156668812793,24.6264518595278,0.005
"27","ENSG00000080839","HGNC:9893","RBL1",190.964853812227,5.57066597527676,0.00546448087431694
"28","ENSG00000146232","HGNC:7799","NFKBIE",173.413822095442,8.72671277866596,0.00546448087431694
"29","ENSG00000113140","HGNC:11219","SPARC",165.934066419587,13.5432028695859,0.005
"30","ENSG00000079819","HGNC:3379","EPB41L2",165.029912576182,14.1133724215045,0.00546448087431694
"31","ENSG00000126561","HGNC:11366","STAT5A",158.117220481231,7.21213982846611,0.005
"32","ENSG00000061273","HGNC:14067","HDAC7",156.637024655627,7.13833632340674,0.00546448087431694
"33","ENSG00000100297","HGNC:6948","MCM5",155.752814268231,8.37557375144253,0.00546448087431694
"34","ENSG00000100365","HGNC:7662","NCF4",135.133358555839,2.06633756548325,0.00546448087431694
"35","ENSG00000094804","HGNC:1744","CDC6",131.207987121914,54.7489853780475,0.00546448087431694
"36","ENSG00000175899","HGNC:7","A2M",129.623974229501,132.725001824846,0.005
"37","ENSG00000110031","HGNC:14061","LPXN",110.127782371905,10.8708006087458,0.005
"38","ENSG00000077235","HGNC:4664","GTF3C1",99.7011030570011,12.3082746444437,0.00546448087431694
"39","ENSG00000157933","HGNC:10896","SKI",98.2560621754772,1.03732536854385,0.00531914893617021
"40","ENSG00000204389","HGNC:5232","HSPA1A",97.7304150440208,253.631752477271,0.00546448087431694
"41","ENSG00000181191","HGNC:16648","PJA1",96.4172910717569,10.0766939376013,0.00546448087431694
"42","ENSG00000107438","HGNC:2067","PDLIM1",94.0405649710724,51.9038996551524,0.005
"43","ENSG00000076003","HGNC:6949","MCM6",73.1300644754177,11.2362868708638,0.00546448087431694
"44","ENSG00000169679","HGNC:1148","BUB1",72.3392291720182,5.36341445956487,0.005
"45","ENSG00000120899","HGNC:9612","PTK2B",71.1194888636987,5.11803609562723,0.005
"46","ENSG00000182195","HGNC:6548","LDOC1",64.6719582833027,34.5234398986942,0.005
"47","ENSG00000141736","HGNC:3430","ERBB2",53.7831239486911,100.835344426571,0.005
"48","ENSG00000150995","HGNC:6180","ITPR1",53.2592233436377,11.2748176606749,0.005
"49","ENSG00000076984","HGNC:6847","MAP2K7",43.3579870874749,0.726756155722763,0.005
"50","ENSG00000136527","HGNC:10781","TRA2B",40.7394884086624,230.760047866954,0.005
"51","ENSG00000171425","HGNC:25017","ZNF581",37.9264842855642,9.86624311264575,0.005
"52","ENSG00000126351","HGNC:11796","THRA",34.581248615984,7.22596247737496,0.00546448087431694
"53","ENSG00000101868","HGNC:9173","POLA1",34.4131992932064,4.833803454646,0.00546448087431694
"54","ENSG00000106799","HGNC:11772","TGFBR1",34.3281218966418,19.8581640171428,0.005
"55","ENSG00000101224","HGNC:1726","CDC25B",33.8356362311853,8.49106906653877,0.005
"56","ENSG00000158092","HGNC:7664","NCK1",32.8971815057531,37.9439827792832,0.005
"57","ENSG00000149269","HGNC:8590","PAK1",32.8220620825833,30.6405052599142,0.00523560209424084
"58","ENSG00000072201","HGNC:6657","LNX1",31.9293757896349,14.2118043113962,0.00546448087431694
"59","ENSG00000008710","HGNC:9008","PKD1",30.7662171006318,1.59086510933112,0.005
"60","ENSG00000116809","HGNC:12936","ZBTB17",29.1999037942229,16.7922185446616,0.00546448087431694
"61","ENSG00000175324","HGNC:20472","LSM1",28.954218211954,78.8581477237156,0.005
"62","ENSG00000196482","HGNC:3474","ESRRG",27.8587486912392,12.9714218854551,0.00546448087431694
"63","ENSG00000011243","HGNC:29857","AKAP8L",27.6178253751246,36.3062205838019,0.005
"64","ENSG00000153487","HGNC:6062","ING1",26.3959816890868,5.45901814970658,0.005
"65","ENSG00000089685","HGNC:593","BIRC5",26.1933789460855,21.1218907950555,0.0218579234972678
"66","ENSG00000115904","HGNC:11187","SOS1",26.0612274894227,18.864297985817,0.00523560209424084
"67","ENSG00000158716","HGNC:21480","DUSP23",25.4653673851995,20.0624913745308,0.00546448087431694
"68","ENSG00000185499","HGNC:7508","MUC1",24.5073649674466,263.796582081418,0.005
"69","ENSG00000143622","HGNC:10023","RIT1",24.0730251063946,62.6875387102491,0.00546448087431694
"70","ENSG00000131323","HGNC:12033","TRAF3",23.8326045249931,2.96859919073962,0.005
"71","ENSG00000175115","HGNC:30032","PACS1",23.4107278254138,5.53003604027349,0.0273224043715847
"72","ENSG00000129245","HGNC:4024","FXR2",22.470795520142,6.19290374263999,0.00531914893617021
"73","ENSG00000118785","HGNC:11255","SPP1",20.9328953967399,60.074472563782,0.00546448087431694
"74","ENSG00000137337","HGNC:21163","MDC1",20.2482053409735,7.1727303817052,0.005
"75","ENSG00000132002","HGNC:5270","DNAJB1",20.1116425522624,130.947411291041,0.00546448087431694
"76","ENSG00000165392","HGNC:12791","WRN",19.8545770597635,8.71239481602756,0.005
"77","ENSG00000111276","HGNC:1785","CDKN1B",18.5527046988406,7.66555255104953,0.00546448087431694
"78","ENSG00000111348","HGNC:679","ARHGDIB",18.1196223078147,209.277307386211,0.00546448087431694
"79","ENSG00000149257","HGNC:1546","SERPINH1",17.9042179584825,6.82209423925315,0.005
"80","ENSG00000149554","HGNC:1925","CHEK1",17.8011171620048,22.8793802082771,0.0218579234972678
"81","ENSG00000140939","HGNC:7869","NOL3",17.6526693038171,11.1750586880113,0.005
"82","ENSG00000150907","HGNC:3819","FOXO1",17.4870378050418,5.33254890604754,0.005
"83","ENSG00000125817","HGNC:1852","CENPB",17.3096936793033,0.867197467550716,0.00531914893617021
"84","ENSG00000114107","HGNC:29972","CEP70",17.1350888174528,34.1558573729959,0.02
"85","ENSG00000177606","HGNC:6204","JUN",16.8740912766325,24.063452251341,0.005
"86","ENSG00000140396","HGNC:7669","NCOA2",16.5914549854012,10.7390857296287,0.00546448087431694
"87","ENSG00000067369","HGNC:11999","TP53BP1",15.9573111208327,33.3729740002069,0.00546448087431694
"88","ENSG00000132964","HGNC:1779","CDK8",15.8526987730656,11.8504761986304,0.00546448087431694
"89","ENSG00000007372","HGNC:8620","PAX6",15.033641089592,9.2114776268724,0.0218579234972678
"90","ENSG00000163629","HGNC:9646","PTPN13",13.6831219308507,9.23944651501639,0.005
"91","ENSG00000198793","HGNC:3942","MTOR",13.5103472330329,10.2692765469074,0.0218579234972678
"92","ENSG00000104765","HGNC:1085","BNIP3L",13.4112432999367,108.586393235425,0.00523560209424084
"93","ENSG00000155657","HGNC:12403","TTN",13.2287005706533,1.2902810940487,0.00546448087431694
"94","ENSG00000135723","HGNC:17905","FHOD1",13.0542047132519,12.157244636376,0.005
"95","ENSG00000147044","HGNC:1497","CASK",12.7420176399156,45.5164154317138,0.00546448087431694
"96","ENSG00000124357","HGNC:17174","NAGK",12.0547872424855,69.4322016212809,0.005
"97","ENSG00000204469","HGNC:13918","PRRC2A",12.0289306710933,5.14248985810034,0.00546448087431694
"98","ENSG00000115414","HGNC:3778","FN1",11.833355377328,50.991727440809,0.005
"99","ENSG00000169375","HGNC:19353","SIN3A",11.7696842023024,63.0743066992914,0.005
"100","ENSG00000091073","HGNC:15973","DTX2",11.6033253470969,6.54028525570823,0.0218579234972678
"101","ENSG00000145386","HGNC:1578","CCNA2",11.5506521314268,3.88607079336603,0.005
"102","ENSG00000140564","HGNC:8568","FURIN",11.5100086014874,3.32038212082343,0.005
"103","ENSG00000072062","HGNC:9380","PRKACA",11.472872111744,3.36272806912369,0.005
"104","ENSG00000111752","HGNC:3182","PHC1",11.1838863374895,12.1115487741833,0.005
"105","ENSG00000159082","HGNC:11503","SYNJ1",11.1691724966357,8.67129505481443,0.00546448087431694
"106","ENSG00000184634","HGNC:11957","MED12",11.0446447147949,4.50234995167862,0.005
"107","ENSG00000151491","HGNC:3420","EPS8",11.0276392188268,36.948040105085,0.00546448087431694
"108","ENSG00000101199","HGNC:15852","ARFGAP1",10.9978976546859,6.3593558079138,0.00523560209424084
"109","ENSG00000124181","HGNC:9065","PLCG1",10.8606682506655,6.40778579631065,0.00546448087431694
"110","ENSG00000072401","HGNC:12474","UBE2D1",10.8115469934545,26.2908961378315,0.005
"111","ENSG00000197063","HGNC:6781","MAFG",9.97821759926475,3.24338950156905,0.005
"112","ENSG00000113070","HGNC:3059","HBEGF",9.96331735260162,18.5786498331518,0.04
"113","ENSG00000162236","HGNC:11440","STX5",9.86006052131292,6.16364947259515,0.005
"114","ENSG00000099917","HGNC:14248","MED15",9.64054591594577,6.73376388748914,0.005
"115","ENSG00000150760","HGNC:2987","DOCK1",9.62269725361116,7.35093694715119,0.005
"116","ENSG00000117632","HGNC:6510","STMN1",9.42895081382017,314.280602163869,0.00546448087431694
"117","ENSG00000162924","HGNC:9954","REL",9.29790529782377,30.3540819747393,0.00546448087431694
"118","ENSG00000186416","HGNC:19374","NKRF",9.27793874620674,7.73420515024005,0.00546448087431694
"119","ENSG00000133895","HGNC:7010","MEN1",9.04074044545284,1.61339805813686,0.0218579234972678
"120","ENSG00000170004","HGNC:1918","CHD3",8.84409109611087,4.45842706425366,0.005
"121","ENSG00000079805","HGNC:2974","DNM2",8.77574413110464,3.74551013514149,0.00531914893617021
"122","ENSG00000107554","HGNC:30373","DNMBP",8.69089512101227,6.30536554115377,0.005
"123","ENSG00000106290","HGNC:11540","TAF6",8.61892544691182,3.67235599058857,0.00546448087431694
"124","ENSG00000094631","HGNC:14064","HDAC6",8.32210540663772,20.0750122263648,0.005
"125","ENSG00000077782","HGNC:3688","FGFR1",8.29167795012253,35.7241401409279,0.00546448087431694
"126","ENSG00000147133","HGNC:11535","TAF1",8.22303627454139,12.2078513081533,0.00546448087431694
"127","ENSG00000224470","HGNC:33279","ATXN1L",7.9963795816358,8.63762555216925,0.0050761421319797
"128","ENSG00000101189","HGNC:15866","MRGBP",7.98748635498855,5.57858737001641,0.00546448087431694
"129","ENSG00000106546","HGNC:348","AHR",7.94120186447131,28.6939906324759,0.005
"130","ENSG00000164611","HGNC:9690","PTTG1",7.86856687222616,56.2641902003751,0.0109289617486339
"131","ENSG00000160294","HGNC:6946","MCM3AP",7.76108516847525,8.06448997161244,0.005
"132","ENSG00000165280","HGNC:12666","VCP",7.59501599704712,46.5433828454571,0.0109289617486339
"133","ENSG00000116017","HGNC:3031","ARID3A",7.55236390086525,0.828650637650817,0.00546448087431694
"134","ENSG00000099956","HGNC:11103","SMARCB1",7.27346122402895,4.10500049567121,0.00546448087431694
"135","ENSG00000132383","HGNC:10289","RPA1",7.22820921103988,16.4483049834243,0.00531914893617021
"136","ENSG00000101400","HGNC:11167","SNTA1",6.98760749523288,3.03215761404812,0.00546448087431694
"137","ENSG00000140350","HGNC:13233","ANP32A",6.97453094108951,16.1996290447681,0.00546448087431694
"138","ENSG00000119772","HGNC:2978","DNMT3A",6.95535855964352,47.6439461706988,0.00546448087431694
"139","ENSG00000085117","HGNC:6210","CD82",6.83666007610215,34.9638144635207,0.00546448087431694
"140","ENSG00000185043","HGNC:16920","CIB1",6.64944035637124,149.889444382053,0.00523560209424084
"141","ENSG00000196367","HGNC:12347","TRRAP",6.61115238407663,3.12019110396606,0.005
"142","ENSG00000069974","HGNC:9766","RAB27A",6.59491749247851,4.71948885167957,0.00546448087431694
"143","ENSG00000178950","HGNC:4113","GAK",6.52561193116206,7.8147040695846,0.005
"144","ENSG00000132694","HGNC:14580","ARHGEF11",6.43941340147159,4.50257087331648,0.0050761421319797
"145","ENSG00000022840","HGNC:10055","RNF10",6.43901545936022,154.438378211117,0.0273224043715847
"146","ENSG00000117394","HGNC:11005","SLC2A1",6.38198750261729,34.0145854346183,0.00546448087431694
"147","ENSG00000102241","HGNC:5276","HTATSF1",6.3733866599832,21.6897838769972,0.0109289617486339
"148","ENSG00000106299","HGNC:12735","WASL",6.21236132642356,15.0924925385927,0.035
"149","ENSG00000138794","HGNC:1507","CASP6",6.13926988553533,46.1407160646866,0.005
"150","ENSG00000073111","HGNC:6944","MCM2",6.08752947399663,4.75812158281243,0.005
"151","ENSG00000101665","HGNC:6773","SMAD7",6.07987589305135,12.2143993521563,0.005
"152","ENSG00000160691","HGNC:10840","SHC1",6.07513352076586,18.1125777610174,0.01
"153","ENSG00000174738","HGNC:7963","NR1D2",5.94519691464358,19.6876059876278,0.005
"154","ENSG00000141646","HGNC:6770","SMAD4",5.92633683907595,12.3497412914207,0.005
"155","ENSG00000172059","HGNC:11811","KLF11",5.91846818721833,6.74466988268787,0.00546448087431694
"156","ENSG00000196150","HGNC:13044","ZNF250",5.75220526360218,11.5310108155963,0.0050761421319797
"157","ENSG00000198373","HGNC:16804","WWP2",5.70393406152321,10.0810231738323,0.005
"158","ENSG00000105426","HGNC:9681","PTPRS",5.68988941337925,44.904002117741,0.0218579234972678
"159","ENSG00000104365","HGNC:5960","IKBKB",5.64122470717069,14.9846934593967,0.00531914893617021
"160","ENSG00000173020","HGNC:289","GRK2",5.63028494725338,1.20920580505171,0.005
"161","ENSG00000137801","HGNC:11785","THBS1",5.50784581970129,49.8704205014235,0.005
"162","ENSG00000187778","HGNC:6960","MCRS1",5.43851253046576,17.8395741560599,0.005
"163","ENSG00000008294","HGNC:14524","SPAG9",5.42957568788754,40.5378554490077,0.0104712041884817
"164","ENSG00000010017","HGNC:13727","RANBP9",5.28499909722426,62.742245618525,0.0104712041884817
"165","ENSG00000129084","HGNC:9530","PSMA1",5.25049050924756,316.537827200942,0.045
"166","ENSG00000055208","HGNC:17075","TAB2",5.18663516098332,35.32007736176,0.005
"167","ENSG00000013441","HGNC:2068","CLK1",5.05161602721358,229.453017273434,0.01
"168","ENSG00000173757","HGNC:11367","STAT5B",5.02968092314919,5.32013476948197,0.01
"169","ENSG00000108262","HGNC:4272","GIT1",5.02506150520694,3.71782973769085,0.005
"170","ENSG00000168395","HGNC:19421","ING5",4.91527429379066,5.82577145102753,0.005
"171","ENSG00000128016","HGNC:12862","ZFP36",4.90947227271866,86.461888293534,0.005
"172","ENSG00000116604","HGNC:6997","MEF2D",4.8888975499772,3.25496256730776,0.00588235294117647
"173","ENSG00000126883","HGNC:8064","NUP214",4.85373143991688,18.3648193811953,0.005
"174","ENSG00000171223","HGNC:6205","JUNB",4.8013512615685,17.3562953981353,0.00546448087431694
"175","ENSG00000061938","HGNC:19297","TNK2",4.77925451753696,1.50672364992956,0.0218579234972678
"176","ENSG00000075413","HGNC:6897","MARK3",4.73835613734971,37.977607586677,0.005
"177","ENSG00000185024","HGNC:11551","BRF1",4.70847083075881,1.4988381200709,0.005
"178","ENSG00000120694","HGNC:16969","HSPH1",4.64904631651442,187.884490320682,0.005
"179","ENSG00000143669","HGNC:1968","LYST",4.64385568175796,11.3206639276669,0.0104712041884817
"180","ENSG00000163435","HGNC:3318","ELF3",4.63935081629766,310.04326161257,0.00531914893617021
"181","ENSG00000166681","HGNC:13388","BEX3",4.5565175874856,152.936346389929,0.00531914893617021
"182","ENSG00000080345","HGNC:23207","RIF1",4.46885278699302,18.4473836828341,0.02
"183","ENSG00000081189","HGNC:6996","MEF2C",4.40272821460589,3.09628002598456,0.005
"184","ENSG00000160783","HGNC:9112","PMF1",4.40075810347018,21.889251798378,0.005
"185","ENSG00000153094","HGNC:994","BCL2L11",4.39020148500485,15.4180188506359,0.005
"186","ENSG00000148660","HGNC:1463","CAMK2G",4.20634419086177,14.4085164030172,0.005
"187","ENSG00000149091","HGNC:2857","DGKZ",4.1487720927978,2.85791677855772,0.005
"188","ENSG00000161647","HGNC:7221","MPP3",4.12333033460627,14.6230854991391,0.005
"189","ENSG00000143416","HGNC:10719","SELENBP1",4.10842406287911,126.346954326498,0.00546448087431694
"190","ENSG00000189091","HGNC:10770","SF3B3",4.09446405952721,50.8013931872366,0.005
"191","ENSG00000087074","HGNC:14375","PPP1R15A",4.0499640553684,34.0884088230185,0.0265957446808511
"192","ENSG00000039123","HGNC:18734","MTREX",3.93942615269612,31.776649796479,0.035
"193","ENSG00000134107","HGNC:1046","BHLHE40",3.89635208099166,43.3104244349425,0.005
"194","ENSG00000088247","HGNC:6316","KHSRP",3.87878002147518,0.56247776430949,0.005
"195","ENSG00000156587","HGNC:12490","UBE2L6",3.84377207866165,101.025188205632,0.005
"196","ENSG00000023445","HGNC:591","BIRC3",3.82774898312591,16.7952898730813,0.00523560209424084
"197","ENSG00000188486","HGNC:4739","H2AX",3.76715697980902,3.42074942567953,0.005
"198","ENSG00000143514","HGNC:12000","TP53BP2",3.74210751692973,24.6657322718592,0.005
"199","ENSG00000204713","HGNC:9975","TRIM27",3.74072980240886,27.6416648010268,0.005
"200","ENSG00000143379","HGNC:10761","SETDB1",3.71459905581443,8.71034833528891,0.00523560209424084
"201","ENSG00000103168","HGNC:11534","TAF1C",3.66555159567837,1.79384537388934,0.005
"202","ENSG00000105397","HGNC:12440","TYK2",3.65978281654692,19.7879549394563,0.005
"203","ENSG00000124151","HGNC:7670","NCOA3",3.64269303478607,25.0459834795083,0.005
"204","ENSG00000162419","HGNC:4370","GMEB1",3.63334616466524,11.1150046052912,0.005
"205","ENSG00000104490","HGNC:7655","NCALD",3.61834570946146,16.3214878894615,0.005
"206","ENSG00000131931","HGNC:20856","THAP1",3.61818665615212,12.7413067488928,0.00546448087431694
"207","ENSG00000170581","HGNC:11363","STAT2",3.61109859681001,59.253395285626,0.00531914893617021
"208","ENSG00000113916","HGNC:1001","BCL6",3.60340368943238,21.5513507762944,0.005
"209","ENSG00000079277","HGNC:7110","MKNK1",3.59394904023182,13.8255727386636,0.00523560209424084
"210","ENSG00000116903","HGNC:24659","EXOC8",3.56944818675177,9.8368812605983,0.03
"211","ENSG00000106462","HGNC:3527","EZH2",3.51931742897851,14.8856706843933,0.005
"212","ENSG00000175550","HGNC:3019","DRAP1",3.50169269547658,8.69628703921851,0.0218579234972678
"213","ENSG00000141551","HGNC:2452","CSNK1D",3.49518915287949,18.4916475959829,0.005
"214","ENSG00000161202","HGNC:3087","DVL3",3.4729757463284,6.59881387673883,0.02
"215","ENSG00000153201","HGNC:9848","RANBP2",3.43729699800339,27.8266723675782,0.00546448087431694
"216","ENSG00000009844","HGNC:20954","VTA1",3.38195798903652,91.4927163278626,0.005
"217","ENSG00000114127","HGNC:30654","XRN1",3.32045392714479,42.5771230794579,0.005
"218","ENSG00000139436","HGNC:4273","GIT2",3.29446755738188,7.49982764213488,0.005
"219","ENSG00000164104","HGNC:5000","HMGB2",3.291017370702,76.6112881759831,0.02
"220","ENSG00000065029","HGNC:13149","ZNF76",3.26489125088941,8.64452528397968,0.00546448087431694
"221","ENSG00000132155","HGNC:9829","RAF1",3.21112114465045,32.9717022041196,0.0218579234972678
"222","ENSG00000142208","HGNC:391","AKT1",3.18753618790367,14.0761274230249,0.005
"223","ENSG00000167670","HGNC:1910","CHAF1A",3.12395436972776,1.58806579012044,0.005
"224","ENSG00000172613","HGNC:9827","RAD9A",3.09323953967521,4.19324419796114,0.005
"225","ENSG00000196396","HGNC:9642","PTPN1",3.07956004351705,8.08877405784188,0.005
"226","ENSG00000171222","HGNC:10566","SCAND1",3.07483403450838,4.3958749092486,0.00546448087431694
"227","ENSG00000123358","HGNC:7980","NR4A1",3.06664500085648,39.9464612789582,0.005
"228","ENSG00000170677","HGNC:16833","SOCS6",3.06575986881469,14.0121180329002,0.0491803278688525
"229","ENSG00000116830","HGNC:12398","TTF2",3.05593371931117,12.2799449988714,0.005
"230","ENSG00000161405","HGNC:13178","IKZF3",3.03863478264329,4.41342604253176,0.005
"231","ENSG00000120798","HGNC:7971","NR2C1",2.97157567968325,29.6967777443908,0.031413612565445
"232","ENSG00000102753","HGNC:6396","KPNA3",2.95909765764388,12.8325202101199,0.0218579234972678
"233","ENSG00000177030","HGNC:14677","DEAF1",2.94009855174657,5.81636787474261,0.005
"234","ENSG00000131626","HGNC:9245","PPFIA1",2.92545132016178,148.665170923123,0.00531914893617021
"235","ENSG00000082898","HGNC:12825","XPO1",2.91884828915997,38.6260348900756,0.005
"236","ENSG00000114423","HGNC:1542","CBLB",2.91859269518772,18.0707486593759,0.005
"237","ENSG00000153187","HGNC:5048","HNRNPU",2.91688759920158,234.036031906768,0.00523560209424084
"238","ENSG00000076604","HGNC:12034","TRAF4",2.90628599360989,4.30782212698229,0.005
"239","ENSG00000156697","HGNC:10665","UTP14A",2.88897183122074,8.55707573716845,0.005
"240","ENSG00000102974","HGNC:13723","CTCF",2.83506458517899,22.2850583350457,0.005
"241","ENSG00000107968","HGNC:6860","MAP3K8",2.81967938548184,47.176594105554,0.005
"242","ENSG00000175866","HGNC:947","BAIAP2",2.81566876135645,4.59901336284629,0.005
"243","ENSG00000120738","HGNC:3238","EGR1",2.80596993458443,337.863742330339,0.00546448087431694
"244","ENSG00000078747","HGNC:13890","ITCH",2.78875876136448,28.2857814474699,0.00531914893617021
"245","ENSG00000141738","HGNC:4567","GRB7",2.78609536673299,49.6528854941607,0.005
"246","ENSG00000151090","HGNC:11799","THRB",2.75976850454583,3.56904089909733,0.00531914893617021
"247","ENSG00000076928","HGNC:681","ARHGEF1",2.73000401512562,3.92329031397225,0.00546448087431694
"248","ENSG00000125753","HGNC:12652","VASP",2.71008938178958,19.8560058176431,0.005
"249","ENSG00000204227","HGNC:10018","RING1",2.66160207129032,2.39328567830512,0.005
"250","ENSG00000214078","HGNC:2314","CPNE1",2.63520526670901,200.799262602936,0.005
"251","ENSG00000172354","HGNC:4398","GNB2",2.62045320551512,6.40263119339235,0.005
"252","ENSG00000151422","HGNC:3655","FER",2.61138779513123,5.30497299113012,0.02
"253","ENSG00000078674","HGNC:8727","PCM1",2.57798279683288,57.5960652832204,0.005
"254","ENSG00000151694","HGNC:195","ADAM17",2.56926355528684,7.3771571175956,0.0109289617486339
"255","ENSG00000143799","HGNC:270","PARP1",2.52800887932318,55.7157147272823,0.0437158469945355
"256","ENSG00000145715","HGNC:9871","RASA1",2.52413201284009,7.5815285140687,0.005
"257","ENSG00000107643","HGNC:6881","MAPK8",2.52028758883161,10.0235652407694,0.005
"258","ENSG00000085733","HGNC:3338","CTTN",2.51182788197474,681.356780839737,0.005
"259","ENSG00000139197","HGNC:9719","PEX5",2.50307473461018,1.04536456137134,0.00546448087431694
"260","ENSG00000161547","HGNC:10783","SRSF2",2.48829590082603,176.303804666344,0.005
"261","ENSG00000141232","HGNC:11979","TOB1",2.47790507837951,1132.59045175783,0.005
"262","ENSG00000180182","HGNC:2370","MED14",2.46672727922669,14.0771118069383,0.0050761421319797
"263","ENSG00000154710","HGNC:17676","RABGEF1",2.45050126355952,11.3710891638101,0.005
"264","ENSG00000204231","HGNC:10478","RXRB",2.43289155459794,2.58998825111183,0.005
"265","ENSG00000110651","HGNC:1701","CD81",2.42392159967062,51.0128966020785,0.02
"266","ENSG00000143801","HGNC:9509","PSEN2",2.39401077467951,7.3449921097039,0.005
"267","ENSG00000077150","HGNC:7795","NFKB2",2.39251187774467,1.02839994085598,0.005
"268","ENSG00000130669","HGNC:16059","PAK4",2.37077115921868,7.28594658433937,0.005
"269","ENSG00000182809","HGNC:2361","CRIP2",2.33879388291396,103.843448576017,0.005
"270","ENSG00000163877","HGNC:30587","SNIP1",2.33620729113521,10.8795297952058,0.005
"271","ENSG00000180530","HGNC:8001","NRIP1",2.33129632795648,8.76936252889819,0.005
"272","ENSG00000148737","HGNC:11641","TCF7L2",2.32436820548878,27.3366357397753,0.0382513661202186
"273","ENSG00000205937","HGNC:10080","RNPS1",2.32158698654408,60.6326018108065,0.00546448087431694
"274","ENSG00000196235","HGNC:11469","SUPT5H",2.25329644926603,33.1584237032558,0.005
"275","ENSG00000164050","HGNC:9103","PLXNB1",2.25319274993353,8.20911660700298,0.005
"276","ENSG00000100906","HGNC:7797","NFKBIA",2.2397361390523,155.233958257717,0.0212765957446809
"277","ENSG00000115415","HGNC:11362","STAT1",2.2309687707768,26.4922356630558,0.00531914893617021
"278","ENSG00000077238","HGNC:6015","IL4R",2.20951387557307,2.93056587902762,0.005
"279","ENSG00000185507","HGNC:6122","IRF7",2.15436687949743,4.88394623917427,0.00523560209424084
"280","ENSG00000110395","HGNC:1541","CBL",2.14662918580997,0.960745924984235,0.00531914893617021
"281","ENSG00000159216","HGNC:10471","RUNX1",2.13853462502964,15.5501562388894,0.015
"282","ENSG00000155368","HGNC:2690","DBI",2.13496243652681,636.501542416338,0.0218579234972678
"283","ENSG00000005249","HGNC:9392","PRKAR2B",2.10376640770661,9.61230659327458,0.005
"284","ENSG00000116560","HGNC:10774","SFPQ",2.07922254080374,223.542306920345,0.005
"285","ENSG00000099875","HGNC:7111","MKNK2",2.06960674877173,14.1764339505416,0.005
"286","ENSG00000169032","HGNC:6840","MAP2K1",2.04639739489839,10.4564192919941,0.005
"287","ENSG00000160803","HGNC:1237","UBQLN4",2.03446610302842,6.81308829653161,0.005
"288","ENSG00000083896","HGNC:30626","YTHDC1",2.02626819302663,31.70879226201,0.00523560209424084
"289","ENSG00000141985","HGNC:10830","SH3GL1",1.99149979502773,2.84177663010109,0.0491803278688525
"290","ENSG00000110092","HGNC:1582","CCND1",1.99011112005411,25.2352919889419,0.005
"291","ENSG00000080824","HGNC:5253","HSP90AA1",1.9828060197627,767.635926583069,0.00531914893617021
"292","ENSG00000130726","HGNC:16384","TRIM28",1.97583860092402,22.3339365476643,0.005
"293","ENSG00000136603","HGNC:10897","SKIL",1.95224877630947,122.155076725932,0.005
"294","ENSG00000138592","HGNC:12631","USP8",1.94416849217613,66.0534595810965,0.005
"295","ENSG00000197111","HGNC:8648","PCBP2",1.91322847157083,190.121499517136,0.005
"296","ENSG00000100083","HGNC:17842","GGA1",1.90586491642025,7.88298247395448,0.005
"297","ENSG00000006194","HGNC:13056","ZNF263",1.90525252872347,9.97544513189265,0.00546448087431694
"298","ENSG00000111907","HGNC:12006","TPD52L1",1.87533415636228,69.1272414136249,0.005
"299","ENSG00000169057","HGNC:6990","MECP2",1.87126519592774,2.02356334472362,0.005
"300","ENSG00000168615","HGNC:216","ADAM9",1.85077797027577,40.282594820027,0.005
"301","ENSG00000171681","HGNC:20092","ATF7IP",1.8486456368009,29.0180351873034,0.005
"302","ENSG00000157514","HGNC:3051","TSC22D3",1.8458311825607,65.4473545585504,0.005
"303","ENSG00000177885","HGNC:4566","GRB2",1.83888882566936,17.7895222767108,0.0117647058823529
"304","ENSG00000169564","HGNC:8647","PCBP1",1.83104380194512,68.1483844662599,0.005
"305","ENSG00000172531","HGNC:9281","PPP1CA",1.82943572242007,42.5832108330459,0.00523560209424084
"306","ENSG00000147889","HGNC:1787","CDKN2A",1.82788495871668,4.72227105185551,0.005
"307","ENSG00000137309","HGNC:5010","HMGA1",1.8269894057884,5.41918923123882,0.005
"308","ENSG00000163602","HGNC:10480","RYBP",1.82483275761568,5.69015814126746,0.005
"309","ENSG00000089280","HGNC:4010","FUS",1.81216249603433,55.6006221438817,0.00523560209424084
"310","ENSG00000272333","HGNC:15840","KMT2B",1.80278175750933,0.0793433991731775,0.005
"311","ENSG00000067082","HGNC:2235","KLF6",1.76627070469182,189.77753727569,0.005
"312","ENSG00000100485","HGNC:11188","SOS2",1.76032617921598,9.25231544458814,0.005
"313","ENSG00000112773","HGNC:18345","TENT5A",1.74430909639246,76.440828003146,0.0319148936170213
"314","ENSG00000095002","HGNC:7325","MSH2",1.73098681116922,11.7771971487022,0.00546448087431694
"315","ENSG00000062725","HGNC:622","APPBP2",1.70640909855902,7.05672557954713,0.005
"316","ENSG00000111859","HGNC:7733","NEDD9",1.70226368204458,12.6460329981658,0.00546448087431694
"317","ENSG00000140464","HGNC:9113","PML",1.65259934794384,3.36724412741611,0.01
"318","ENSG00000177463","HGNC:7972","NR2C2",1.63297491090197,8.5754469414912,0.015
"319","ENSG00000198563","HGNC:13917","DDX39B",1.62918080177669,52.6692263429869,0.005
"320","ENSG00000105856","HGNC:23200","HBP1",1.61886675552838,91.9570865105887,0.02
"321","ENSG00000182004","HGNC:11161","SNRPE",1.6015247591835,257.384792807012,0.005
"322","ENSG00000162613","HGNC:4004","FUBP1",1.58738050127033,44.8175114862497,0.005
"323","ENSG00000178913","HGNC:11541","TAF7",1.57528472965602,47.6953102005052,0.00546448087431694
"324","ENSG00000102225","HGNC:8749","CDK16",1.56983222391012,15.5023566295752,0.005
"325","ENSG00000171552","HGNC:992","BCL2L1",1.5226989537782,5.82516438073953,0.005
"326","ENSG00000118260","HGNC:2345","CREB1",1.5181922309177,34.437689722725,0.005
"327","ENSG00000066427","HGNC:7106","ATXN3",1.51529503018985,12.2601846023154,0.005
"328","ENSG00000165527","HGNC:659","ARF6",1.50222852149679,35.0416207372658,0.005
"329","ENSG00000037965","HGNC:5129","HOXC8",1.492695729441,0.688554547003777,0.015
"330","ENSG00000166337","HGNC:11543","TAF10",1.4716923331407,16.4737476006838,0.00546448087431694
"331","ENSG00000239857","HGNC:21690","GET4",1.45375461678971,5.08696523747182,0.00523560209424084
"332","ENSG00000179218","HGNC:1455","CALR",1.44931862906961,432.062105646849,0.00531914893617021
"333","ENSG00000078902","HGNC:16476","TOLLIP",1.44448084343138,4.25283774047709,0.005
"334","ENSG00000112658","HGNC:11291","SRF",1.44364678474907,5.33387578828721,0.005
"335","ENSG00000136709","HGNC:25651","WDR33",1.42621141373972,17.6466272850033,0.005
"336","ENSG00000101421","HGNC:16171","CHMP4B",1.41926131371929,7.63872701146972,0.00531914893617021
"337","ENSG00000167004","HGNC:4606","PDIA3",1.40522366033753,84.3538599002605,0.0218579234972678
"338","ENSG00000126456","HGNC:6118","IRF3",1.39399841152416,10.9732604873031,0.005
"339","ENSG00000134001","HGNC:3265","EIF2S1",1.39331727317029,68.1204962368602,0.0273224043715847
"340","ENSG00000102081","HGNC:3775","FMR1",1.38078147255029,21.3805979510322,0.0163934426229508
"341","ENSG00000115966","HGNC:784","ATF2",1.3801308272608,22.1048102874207,0.005
"342","ENSG00000104856","HGNC:9956","RELB",1.37763759742101,1.08201403319385,0.005
"343","ENSG00000044574","HGNC:5238","HSPA5",1.37531831639238,90.5996280463446,0.005
"344","ENSG00000196591","HGNC:4853","HDAC2",1.37480577977589,66.4259408103073,0.00531914893617021
"345","ENSG00000014216","HGNC:1476","CAPN1",1.36364611191193,6.81466606283915,0.0050761421319797
"346","ENSG00000085224","HGNC:886","ATRX",1.3426458384712,45.6827647053367,0.005
"347","ENSG00000080815","HGNC:9508","PSEN1",1.28998354424782,21.7969023193597,0.0105820105820106
"348","ENSG00000146425","HGNC:11697","DYNLT1",1.28327287614223,262.496552843679,0.005
"349","ENSG00000203879","HGNC:4226","GDI1",1.27673333699331,2.61470564904618,0.01
"350","ENSG00000108518","HGNC:8881","PFN1",1.27416819890718,54.1043521557158,0.02
"351","ENSG00000125351","HGNC:20439","UPF3B",1.26617970097175,9.19290753328119,0.005
"352","ENSG00000125835","HGNC:11153","SNRPB",1.26330254352097,51.5229945650531,0.0109289617486339
"353","ENSG00000142599","HGNC:9965","RERE",1.25886593910238,6.68794464975211,0.005
"354","ENSG00000107882","HGNC:16466","SUFU",1.24742780911742,1.11533688783543,0.005
"355","ENSG00000104388","HGNC:9763","RAB2A",1.24246631362751,46.6622346730684,0.005
"356","ENSG00000064961","HGNC:5002","HMG20B",1.23911308682056,6.76143648779995,0.015
"357","ENSG00000167967","HGNC:3121","E4F1",1.23836285110293,1.9336720502919,0.00523560209424084
"358","ENSG00000159140","HGNC:11183","SON",1.22876616682259,269.190110794935,0.00523560209424084
"359","ENSG00000073614","HGNC:9886","KDM5A",1.21909998599737,33.5510150426215,0.00523560209424084
"360","ENSG00000120860","HGNC:24256","WASHC3",1.2116788755211,22.0351124283612,0.00531914893617021
"361","ENSG00000182944","HGNC:3508","EWSR1",1.21166535932072,61.2343494791079,0.0104712041884817
"362","ENSG00000181220","HGNC:21948","ZNF746",1.20721387726992,1.49854473373479,0.0050761421319797
"363","ENSG00000137275","HGNC:10019","RIPK1",1.20068644989268,5.42050842155156,0.01
"364","ENSG00000105127","HGNC:378","AKAP8",1.1978265757541,11.2888120271422,0.02
"365","ENSG00000185624","HGNC:8548","P4HB",1.18641875546997,51.07036859006,0.005
"366","ENSG00000143368","HGNC:10771","SF3B4",1.18044407541407,7.33210739537728,0.005
"367","ENSG00000204392","HGNC:13940","LSM2",1.13864249149008,26.6725026391331,0.005
"368","ENSG00000204217","HGNC:1078","BMPR2",1.09871821671675,3.84649817169721,0.0163934426229508
"369","ENSG00000104064","HGNC:4074","GABPB1",1.09349627267437,16.6969900979966,0.0050761421319797
"370","ENSG00000051382","HGNC:8976","PIK3CB",1.08607547621303,15.8722912047051,0.01
"371","ENSG00000198791","HGNC:14101","CNOT7",1.08557936391612,48.4203666557169,0.0491803278688525
"372","ENSG00000160688","HGNC:24671","FLAD1",1.0597310671072,43.5695628644298,0.005
"373","ENSG00000117984","HGNC:2529","CTSD",1.02974429954945,18.6059323859493,0.005
"374","ENSG00000160789","HGNC:6636","LMNA",1.01589684716181,19.046726042218,0.005
"375","ENSG00000142949","HGNC:9670","PTPRF",1.00372762994694,28.9801159106909,0.005
"376","ENSG00000112576","HGNC:1585","CCND3",0.999726131559285,8.40108055979839,0.00523560209424084
"377","ENSG00000169016","HGNC:3120","E2F6",0.996296172782011,5.69626846352113,0.01
"378","ENSG00000168283","HGNC:1066","BMI1",0.988428165085728,14.7528600880261,0.015
"379","ENSG00000102054","HGNC:9890","RBBP7",0.987823855727787,49.1653919386074,0.0104712041884817
"380","ENSG00000115145","HGNC:11358","STAM2",0.979692049194891,7.11558309770092,0.0319148936170213
"381","ENSG00000100811","HGNC:12856","YY1",0.972803967519567,34.8570136590098,0.005
"382","ENSG00000171345","HGNC:6436","KRT19",0.962633873853547,249.77302053646,0.005
"383","ENSG00000121774","HGNC:18116","KHDRBS1",0.95664422405282,20.1012734567328,0.005
"384","ENSG00000204435","HGNC:2460","CSNK2B",0.950863979516054,111.814027080429,0.00531914893617021
"385","ENSG00000173327","HGNC:6850","MAP3K11",0.950707673615323,1.68625297364999,0.005
"386","ENSG00000162521","HGNC:9887","RBBP4",0.949947624149383,53.5159945811658,0.00523560209424084
"387","ENSG00000134909","HGNC:17399","ARHGAP32",0.944064650938941,6.79862504024482,0.00523560209424084
"388","ENSG00000051108","HGNC:13744","HERPUD1",0.943102447926858,241.307641874855,0.00531914893617021
"389","ENSG00000149480","HGNC:7411","MTA2",0.941929404130807,0.515652078549137,0.0050761421319797
"390","ENSG00000100941","HGNC:9162","PNN",0.933839997270107,28.598532300511,0.005
"391","ENSG00000182481","HGNC:6395","KPNA2",0.925254543473554,87.4868013566185,0.00531914893617021
"392","ENSG00000003402","HGNC:1876","CFLAR",0.906777343130105,22.4376724179068,0.00568181818181818
"393","ENSG00000059728","HGNC:6761","MXD1",0.90209325012189,47.7502932761458,0.02
"394","ENSG00000258947","HGNC:20772","TUBB3",0.901882156160974,4.00769701604956,0.015
"395","ENSG00000196781","HGNC:11837","TLE1",0.894896792938293,9.50740699821953,0.04
"396","ENSG00000140044","HGNC:17546","JDP2",0.8928644625534,1.15589585495155,0.005
"397","ENSG00000067182","HGNC:11916","TNFRSF1A",0.889589708866281,9.44010504517924,0.005
"398","ENSG00000118058","HGNC:7132","KMT2A",0.889212292071627,11.9336715961258,0.0491803278688525
"399","ENSG00000104067","HGNC:11827","TJP1",0.888356156535235,18.060838196266,0.0437158469945355
"400","ENSG00000231925","HGNC:11566","TAPBP",0.883391402257419,61.3022289953077,0.00546448087431694
"401","ENSG00000196498","HGNC:7673","NCOR2",0.876173177116361,2.11747304594643,0.015
"402","ENSG00000119139","HGNC:11828","TJP2",0.863137801019001,4.44966559688764,0.035
"403","ENSG00000072501","HGNC:11111","SMC1A",0.862286071899459,26.6138652170415,0.00523560209424084
"404","ENSG00000125686","HGNC:9234","MED1",0.854333389900715,10.8804380639098,0.01
"405","ENSG00000185359","HGNC:4897","HGS",0.847348150590691,7.61586461152812,0.015
"406","ENSG00000125651","HGNC:4652","GTF2F1",0.841771280391586,8.01508521090361,0.025
"407","ENSG00000175354","HGNC:9650","PTPN2",0.839881195565783,19.8309991722255,0.01
"408","ENSG00000163902","HGNC:10381","RPN1",0.826303744635289,35.2508750433077,0.005
"409","ENSG00000072310","HGNC:11289","SREBF1",0.815547844769074,6.66999225675822,0.005
"410","ENSG00000133740","HGNC:3119","E2F5",0.802630582611738,4.17630492979222,0.025
"411","ENSG00000138448","HGNC:6150","ITGAV",0.793736307878208,12.3923588915516,0.00523560209424084
"412","ENSG00000186575","HGNC:7773","NF2",0.793497204441844,8.59232462076206,0.02
"413","ENSG00000139842","HGNC:2554","CUL4A",0.783534489837962,8.71054040586324,0.025
"414","ENSG00000141582","HGNC:1554","CBX4",0.782485867082039,1.35040305384914,0.04
"415","ENSG00000116350","HGNC:10786","SRSF4",0.779665270392856,10.1849891865902,0.02
"416","ENSG00000160201","HGNC:12453","U2AF1",0.778667694221608,11.762074859601,0.035
"417","ENSG00000130066","HGNC:10540","SAT1",0.775704269854433,3734.51179688559,0.00505050505050505
"418","ENSG00000073584","HGNC:11109","SMARCE1",0.774175038842738,57.7838301392494,0.005
"419","ENSG00000204580","HGNC:2730","DDR1",0.769724065133741,10.0069813235154,0.04
"420","ENSG00000115806","HGNC:17500","GORASP2",0.764811558689713,14.4808471772179,0.0418848167539267
"421","ENSG00000103363","HGNC:11619","ELOB",0.753836364139118,138.996631510163,0.00523560209424084
"422","ENSG00000140992","HGNC:8816","PDPK1",0.739064467576287,8.86342539392353,0.0105820105820106
"423","ENSG00000115524","HGNC:10768","SF3B1",0.736025519086844,97.9779726718169,0.00546448087431694
"424","ENSG00000075711","HGNC:2900","DLG1",0.730615729114928,16.6515096087268,0.0157068062827225
"425","ENSG00000092203","HGNC:20161","TOX4",0.72857980435857,29.1097338024803,0.0106382978723404
"426","ENSG00000066117","HGNC:11106","SMARCD1",0.724026403034612,1.61443426423384,0.015
"427","ENSG00000176105","HGNC:12841","YES1",0.715395086239315,7.70229852369411,0.025
"428","ENSG00000108424","HGNC:6400","KPNB1",0.708801758475644,37.4954871012137,0.00523560209424084
"429","ENSG00000099783","HGNC:5046","HNRNPM",0.700790940310062,13.5793449677584,0.005
"430","ENSG00000085832","HGNC:3419","EPS15",0.697819959638704,9.89778908981616,0.015
"431","ENSG00000170310","HGNC:11443","STX8",0.684952115645888,6.75641682839649,0.015
"432","ENSG00000101158","HGNC:15934","NELFCD",0.681196032331512,18.254920631449,0.01
"433","ENSG00000004487","HGNC:29079","KDM1A",0.678249021053206,11.6215775660167,0.045
"434","ENSG00000106144","HGNC:1503","CASP2",0.67550199536192,44.522340047056,0.015
"435","ENSG00000168036","HGNC:2514","CTNNB1",0.669317642437387,50.7354094594354,0.00546448087431694
"436","ENSG00000126217","HGNC:14576","MCF2L",0.653439491659261,3.98018016453957,0.015
"437","ENSG00000205531","HGNC:7640","NAP1L4",0.652591117226008,29.9165306873239,0.00531914893617021
"438","ENSG00000167110","HGNC:4425","GOLGA2",0.637260827262755,6.73893409484309,0.0209424083769634
"439","ENSG00000065150","HGNC:6402","IPO5",0.626442430064851,12.0299626419253,0.025
"440","ENSG00000108395","HGNC:7523","TRIM37",0.622103397333992,4.9198419455743,0.025
"441","ENSG00000115541","HGNC:5269","HSPE1",0.609371913782576,180.598699244206,0.00523560209424084
"442","ENSG00000137497","HGNC:8059","NUMA1",0.559743785201447,15.917257222323,0.0159574468085106
"443","ENSG00000143977","HGNC:11163","SNRPG",0.556837914325069,150.046287549886,0.005
"444","ENSG00000146963","HGNC:21608","LUC7L2",0.554755260307113,17.1704187781404,0.031413612565445
"445","ENSG00000113649","HGNC:15630","TCERG1",0.526129406542861,45.6749881084172,0.005
"446","ENSG00000084463","HGNC:16461","WBP11",0.509236121092775,11.0436864287607,0.00523560209424084
"447","ENSG00000134308","HGNC:12854","YWHAQ",0.466064248844039,55.1081170178049,0.005
"448","ENSG00000092010","HGNC:9568","PSME1",0.457586561105332,126.278475872532,0.0104712041884817
"449","ENSG00000096384","HGNC:5258","HSP90AB1",0.448452648295163,756.932787036755,0.005
"450","ENSG00000170315","HGNC:12463","UBB",0.447473045490687,522.262700533216,0.00523560209424084
"451","ENSG00000143013","HGNC:6644","LMO4",0.446115645658455,5.14445697953788,0.03
"452","ENSG00000175895","HGNC:20757","PLEKHF2",0.438262380015405,17.6077641500736,0.045
"453","ENSG00000125743","HGNC:11159","SNRPD2",0.435622784271763,251.913696402613,0.005
"454","ENSG00000101266","HGNC:2457","CSNK2A1",0.4164576416396,24.8328765925752,0.0209424083769634
"455","ENSG00000104824","HGNC:5045","HNRNPL",0.415485628878755,18.2192295852513,0.015
"456","ENSG00000170759","HGNC:6324","KIF5B",0.41342572966138,13.5766831642533,0.0157068062827225
"457","ENSG00000141867","HGNC:13575","BRD4",0.405356424906888,3.94376641239807,0.02
"458","ENSG00000067900","HGNC:10251","ROCK1",0.404820840088574,5.78764833667171,0.0157068062827225
"459","ENSG00000188612","HGNC:11125","SUMO2",0.384126336332912,54.1209925419323,0.005
"460","ENSG00000108468","HGNC:1551","CBX1",0.382960056523993,5.13040098590197,0.0425531914893617
"461","ENSG00000096401","HGNC:1743","CDC5L",0.377104408931681,6.73984702393254,0.0261780104712042
"462","ENSG00000175220","HGNC:673","ARHGAP1",0.374146356445294,22.3545351493846,0.00531914893617021
"463","ENSG00000240972","HGNC:7097","MIF",0.371780497743184,194.44341748006,0.005
"464","ENSG00000112081","HGNC:10785","SRSF3",0.371246084905294,95.3574415540011,0.0209424083769634
"465","ENSG00000023734","HGNC:30796","STRAP",0.35819884008791,62.1485621677027,0.0106382978723404
"466","ENSG00000162889","HGNC:6887","MAPKAPK2",0.355491200988949,1.42018519876734,0.015
"467","ENSG00000141510","HGNC:11998","TP53",0.322338393879812,8.99252256597838,0.015
"468","ENSG00000143933","HGNC:1445","CALM2",0.315640627989109,458.852898528675,0.005
"469","ENSG00000102804","HGNC:16826","TSC22D1",0.305025472088954,60.7253140977195,0.04
"470","ENSG00000124614","HGNC:10383","RPS10",0.257616289872778,204.60025915196,0.005
"471","ENSG00000026508","HGNC:1681","CD44",-0.180136153445248,-59.8360254860967,0.0471204188481675
"472","ENSG00000143947","HGNC:10417","RPS27A",-0.19771557929924,-254.884707514105,0.005
"473","ENSG00000111229","HGNC:706","ARPC3",-0.205915998047746,-90.1943920388952,0.0159574468085106
"474","ENSG00000100387","HGNC:9928","RBX1",-0.208183934251926,-23.8084541081244,0.00523560209424084
"475","ENSG00000138495","HGNC:2264","COX17",-0.21326400207631,-35.0913338299034,0.00523560209424084
"476","ENSG00000154380","HGNC:18271","ENAH",-0.235633158698835,-21.841216148989,0.005
"477","ENSG00000070756","HGNC:8554","PABPC1",-0.238654574652646,-544.816881010377,0.00546448087431694
"478","ENSG00000078304","HGNC:9311","PPP2R5C",-0.242725471925333,-68.2047491231733,0.015
"479","ENSG00000067225","HGNC:9021","PKM",-0.250734750236713,-51.7136726778949,0.03
"480","ENSG00000185825","HGNC:16695","BCAP31",-0.250890945428485,-78.9160213349133,0.00523560209424084
"481","ENSG00000089220","HGNC:8630","PEBP1",-0.270189848857426,-67.5349940219089,0.04
"482","ENSG00000137203","HGNC:11742","TFAP2A",-0.27803351442749,-16.679599044016,0.015
"483","ENSG00000242485","HGNC:14478","MRPL20",-0.285167198249759,-45.3790428036976,0.00704225352112676
"484","ENSG00000106628","HGNC:9176","POLD2",-0.287234836464217,-24.3684050607578,0.005
"485","ENSG00000134283","HGNC:19369","PPHLN1",-0.292365921033819,-25.2204556034514,0.015
"486","ENSG00000135486","HGNC:5031","HNRNPA1",-0.292946463234159,-189.653738512051,0.00523560209424084
"487","ENSG00000123416","HGNC:18809","TUBA1B",-0.297464978385637,-240.75691727897,0.0456852791878173
"488","ENSG00000138071","HGNC:169","ACTR2",-0.300786827791116,-33.2932628234555,0.0437158469945355
"489","ENSG00000161204","HGNC:72","ABCF3",-0.314974625949052,-8.01446272774371,0.03
"490","ENSG00000147162","HGNC:8127","OGT",-0.320218615425504,-49.5604993004381,0.035
"491","ENSG00000121022","HGNC:2240","COPS5",-0.321069658863136,-44.5857907816213,0.0319148936170213
"492","ENSG00000122565","HGNC:1553","CBX3",-0.321557945044392,-50.0538160756303,0.0106382978723404
"493","ENSG00000044115","HGNC:2509","CTNNA1",-0.328572162509201,-62.787100557555,0.00531914893617021
"494","ENSG00000172466","HGNC:13032","ZNF24",-0.331530763751868,-18.6317104765385,0.03
"495","ENSG00000133112","HGNC:12022","TPT1",-0.332935688316108,-392.263400869563,0.005
"496","ENSG00000106211","HGNC:5246","HSPB1",-0.342908874440419,-62.4175412745225,0.0104712041884817
"497","ENSG00000181163","HGNC:7910","NPM1",-0.343291403249318,-551.058950813977,0.02
"498","ENSG00000088832","HGNC:3711","FKBP1A",-0.344149065720609,-73.1219588799634,0.00515463917525773
"499","ENSG00000133935","HGNC:1187","ERG28",-0.352549952934654,-11.4781770960311,0.0382513661202186
"500","ENSG00000166710","HGNC:914","B2M",-0.353309641193541,-3635.24114126979,0.0159574468085106
"501","ENSG00000124356","HGNC:16950","STAMBP",-0.354495638650517,-26.2062773022725,0.03
"502","ENSG00000100823","HGNC:587","APEX1",-0.360010195847034,-73.8459041967442,0.005
"503","ENSG00000141198","HGNC:11983","TOM1L1",-0.368612827091544,-32.2111999318234,0.035
"504","ENSG00000104517","HGNC:16806","UBR5",-0.378067966905704,-47.8805428596555,0.005
"505","ENSG00000172216","HGNC:1834","CEBPB",-0.379489580032126,-2.73227271872016,0.0437158469945355
"506","ENSG00000115310","HGNC:14085","RTN4",-0.379836481754577,-119.472522982723,0.00523560209424084
"507","ENSG00000179262","HGNC:9812","RAD23A",-0.381403650977911,-21.3980716549006,0.005
"508","ENSG00000167193","HGNC:2362","CRK",-0.384127794386337,-33.8559801554195,0.025
"509","ENSG00000135624","HGNC:1622","CCT7",-0.384869597197805,-67.5194378403487,0.01
"510","ENSG00000114030","HGNC:6394","KPNA1",-0.393796918103103,-23.6645895513155,0.035
"511","ENSG00000087266","HGNC:10825","SH3BP2",-0.394114430914811,-1.80347306895866,0.035
"512","ENSG00000070010","HGNC:12520","UFD1",-0.394570636874477,-44.4585154315529,0.0382513661202186
"513","ENSG00000150753","HGNC:1618","CCT5",-0.399354995528849,-164.732394194373,0.00531914893617021
"514","ENSG00000170296","HGNC:4067","GABARAP",-0.414429487645332,-276.619203519659,0.005
"515","ENSG00000128245","HGNC:12853","YWHAH",-0.420392826752396,-42.3133865736444,0.01
"516","ENSG00000023330","HGNC:396","ALAS1",-0.421858656655209,-22.7868628310344,0.04
"517","ENSG00000113068","HGNC:8866","PFDN1",-0.422592605767748,-46.6833240351136,0.0106382978723404
"518","ENSG00000204842","HGNC:10555","ATXN2",-0.425966346962885,-37.4449790666134,0.037037037037037
"519","ENSG00000140575","HGNC:6110","IQGAP1",-0.429664963992417,-109.426634807636,0.0364583333333333
"520","ENSG00000130520","HGNC:17259","LSM4",-0.431062106468025,-22.4263734912589,0.0261780104712042
"521","ENSG00000130402","HGNC:166","ACTN4",-0.433353210119366,-13.2680235538649,0.015
"522","ENSG00000109670","HGNC:16712","FBXW7",-0.435547261862188,-27.065400501696,0.0103092783505155
"523","ENSG00000184678","HGNC:4760","H2BC21",-0.438697242978579,-13.8228371129497,0.00568181818181818
"524","ENSG00000125818","HGNC:9571","PSMF1",-0.440360330089929,-55.5551384765659,0.02
"525","ENSG00000120063","HGNC:4381","GNA13",-0.456819421861931,-13.6721117202097,0.035
"526","ENSG00000086065","HGNC:26942","CHMP5",-0.456906714508647,-87.5980283668062,0.00531914893617021
"527","ENSG00000137574","HGNC:17843","TGS1",-0.457632705430709,-10.3057999651141,0.03
"528","ENSG00000168090","HGNC:21749","COPS6",-0.463762064146144,-126.25119650298,0.0382513661202186
"529","ENSG00000241468","HGNC:848","ATP5MF",-0.466493582849015,-524.251569103775,0.00523560209424084
"530","ENSG00000165140","HGNC:3606","FBP1",-0.468080894198782,-33.9666800810943,0.025
"531","ENSG00000143437","HGNC:700","ARNT",-0.476328310707953,-13.2306729691406,0.045
"532","ENSG00000172757","HGNC:1874","CFL1",-0.482117986962323,-245.895708914851,0.0478723404255319
"533","ENSG00000140262","HGNC:11623","TCF12",-0.485848255723194,-29.9269706621525,0.025
"534","ENSG00000127022","HGNC:1473","CANX",-0.493888410752441,-188.907394491401,0.01
"535","ENSG00000205302","HGNC:11173","SNX2",-0.495792562496056,-50.3337523621563,0.02
"536","ENSG00000136436","HGNC:29912","CALCOCO2",-0.497748777309868,-63.9193022552798,0.0382513661202186
"537","ENSG00000161203","HGNC:564","AP2M1",-0.500290696678373,-80.8441453159424,0.005
"538","ENSG00000100280","HGNC:554","AP1B1",-0.513702978166451,-6.29763908716245,0.00546448087431694
"539","ENSG00000182307","HGNC:26104","C8orf33",-0.514742571134219,-30.4920314719863,0.015
"540","ENSG00000163468","HGNC:1616","CCT3",-0.516464477638596,-220.818238616329,0.00546448087431694
"541","ENSG00000187109","HGNC:7637","NAP1L1",-0.517445470087851,-261.929099420467,0.0218579234972678
"542","ENSG00000073969","HGNC:8016","NSF",-0.518171617172964,-31.0224476567584,0.0212765957446809
"543","ENSG00000127445","HGNC:8988","PIN1",-0.51940739434536,-6.49486617391732,0.01
"544","ENSG00000173402","HGNC:2666","DAG1",-0.519588572994529,-3.92246524210519,0.03
"545","ENSG00000159479","HGNC:19971","MED8",-0.525439840264273,-54.1533872179276,0.00523560209424084
"546","ENSG00000206503","HGNC:4931","HLA-A",-0.52922047662769,-167.112384256268,0.00531914893617021
"547","ENSG00000196914","HGNC:14193","ARHGEF12",-0.530689798336659,-17.3880392032957,0.01
"548","ENSG00000080503","HGNC:11098","SMARCA2",-0.530766219282201,-39.8053007079011,0.005
"549","ENSG00000104964","HGNC:307","TLE5",-0.531164782493325,-17.0420846285872,0.0106382978723404
"550","ENSG00000155506","HGNC:29531","LARP1",-0.538013867494067,-39.0375043008098,0.00523560209424084
"551","ENSG00000134086","HGNC:12687","VHL",-0.54023854070696,-11.2698674839739,0.03
"552","ENSG00000136936","HGNC:12814","XPA",-0.542530385531462,-6.33194067351332,0.0265957446808511
"553","ENSG00000164924","HGNC:12855","YWHAZ",-0.549018630404164,-1320.44195340586,0.00546448087431694
"554","ENSG00000181788","HGNC:10858","SIAH2",-0.558153377051904,-21.2873802754718,0.0104712041884817
"555","ENSG00000179295","HGNC:9644","PTPN11",-0.559918839029223,-25.1466521516565,0.025
"556","ENSG00000178896","HGNC:18189","EXOSC4",-0.567929415160566,-32.4116959252657,0.00523560209424084
"557","ENSG00000167085","HGNC:8912","PHB",-0.569864922789949,-123.301085216457,0.00546448087431694
"558","ENSG00000137947","HGNC:4648","GTF2B",-0.571263692957591,-57.1872419767311,0.005
"559","ENSG00000149923","HGNC:9319","PPP4C",-0.572834094636725,-49.3783329416492,0.00505050505050505
"560","ENSG00000136997","HGNC:7553","MYC",-0.572847631089982,-93.9437462849463,0.0104712041884817
"561","ENSG00000067715","HGNC:11509","SYT1",-0.57668603291184,-15.391605187813,0.0151515151515152
"562","ENSG00000239672","HGNC:7849","NME1",-0.580057827353389,-312.729091441829,0.005
"563","ENSG00000101255","HGNC:16228","TRIB3",-0.581139735481693,-37.2799106959596,0.005
"564","ENSG00000166908","HGNC:23786","PIP4K2C",-0.581185207835292,-30.2878541795734,0.01
"565","ENSG00000186716","HGNC:1014","BCR",-0.581246743115739,-6.62624611016023,0.02
"566","ENSG00000179950","HGNC:17042","PUF60",-0.585862999925025,-86.5641441420841,0.0109289617486339
"567","ENSG00000172062","HGNC:11117","SMN1",-0.586313894310667,-34.4054260274833,0.005
"568","ENSG00000165156","HGNC:12871","ZHX1",-0.588641607166626,-46.9182504980546,0.0106382978723404
"569","ENSG00000129354","HGNC:558","AP1M2",-0.594254142719685,-70.0692279246827,0.005
"570","ENSG00000134215","HGNC:12659","VAV3",-0.597636758671665,-67.6237021894853,0.0106382978723404
"571","ENSG00000113739","HGNC:11374","STC2",-0.599525488944666,-14.9316112584355,0.02
"572","ENSG00000067560","HGNC:667","RHOA",-0.599780108531559,-392.229394517549,0.00531914893617021
"573","ENSG00000170142","HGNC:12477","UBE2E1",-0.601921305277213,-25.5360385112025,0.015
"574","ENSG00000113522","HGNC:9816","RAD50",-0.609370767455869,-41.4811360333364,0.015
"575","ENSG00000168291","HGNC:8808","PDHB",-0.609746663402654,-79.5745119946139,0.01
"576","ENSG00000029725","HGNC:17677","RABEP1",-0.610354158090593,-42.7895447455086,0.03
"577","ENSG00000112851","HGNC:15842","ERBIN",-0.613959426290676,-72.1452131088476,0.00546448087431694
"578","ENSG00000154582","HGNC:11617","ELOC",-0.615896628246438,-240.660372236768,0.00523560209424084
"579","ENSG00000136068","HGNC:3755","FLNB",-0.623460310444843,-61.1634365285985,0.00523560209424084
"580","ENSG00000070087","HGNC:8882","PFN2",-0.626998421058509,-165.449438135762,0.025
"581","ENSG00000170365","HGNC:6767","SMAD1",-0.640085152691534,-47.0042101935733,0.01
"582","ENSG00000144566","HGNC:9783","RAB5A",-0.642218639346207,-107.985162625182,0.0372340425531915
"583","ENSG00000091409","HGNC:6142","ITGA6",-0.644644963769534,-16.4311376305111,0.00531914893617021
"584","ENSG00000136754","HGNC:11320","ABI1",-0.651795192009417,-103.01886803451,0.0382513661202186
"585","ENSG00000198517","HGNC:6782","MAFK",-0.661127337863045,-3.137488406643,0.0106382978723404
"586","ENSG00000196072","HGNC:20984","BLOC1S2",-0.661133999320393,-114.348650512803,0.00523560209424084
"587","ENSG00000128272","HGNC:786","ATF4",-0.661232444027375,-456.911472455289,0.005
"588","ENSG00000108561","HGNC:1243","C1QBP",-0.663518693283105,-68.8931831689761,0.005
"589","ENSG00000092531","HGNC:11131","SNAP23",-0.665144503985809,-224.522147037692,0.00546448087431694
"590","ENSG00000197971","HGNC:6925","MBP",-0.668306983027304,-9.1322599144735,0.0209424083769634
"591","ENSG00000197746","HGNC:9498","PSAP",-0.672229340407819,-129.85343471278,0.00523560209424084
"592","ENSG00000109472","HGNC:2303","CPE",-0.673226250214284,-84.6977122252724,0.005
"593","ENSG00000131467","HGNC:9570","PSME3",-0.675987792660872,-33.815853199732,0.00531914893617021
"594","ENSG00000114125","HGNC:10070","RNF7",-0.677057485856845,-256.681543576933,0.005
"595","ENSG00000160310","HGNC:5186","PRMT2",-0.68029118674775,-80.9287838592144,0.005
"596","ENSG00000106305","HGNC:20609","AIMP2",-0.682642835580143,-91.0397380356156,0.005
"597","ENSG00000114302","HGNC:9391","PRKAR2A",-0.68416821022419,-18.6754790347427,0.0327868852459016
"598","ENSG00000186868","HGNC:6893","MAPT",-0.685024564148659,-10.8688697745829,0.005
"599","ENSG00000185551","HGNC:7976","NR2F2",-0.68692956538751,-24.3327667945703,0.00531914893617021
"600","ENSG00000115461","HGNC:5474","IGFBP5",-0.692820672023198,-33.1201799205014,0.01
"601","ENSG00000241127","HGNC:24857","YAE1",-0.699379607918279,-77.80716570483,0.00523560209424084
"602","ENSG00000104408","HGNC:3277","EIF3E",-0.701402239030133,-1157.77839732136,0.005
"603","ENSG00000125447","HGNC:17079","GGA3",-0.705992853073882,-10.4458715681583,0.00598802395209581
"604","ENSG00000184216","HGNC:6112","IRAK1",-0.712779379405481,-33.2689056134515,0.015
"605","ENSG00000177479","HGNC:690","ARIH2",-0.713633411750458,-71.0558212541005,0.005
"606","ENSG00000124762","HGNC:1784","CDKN1A",-0.719604782184884,-65.7824625679901,0.005
"607","ENSG00000095794","HGNC:2352","CREM",-0.720590591831784,-125.360822637768,0.025
"608","ENSG00000127511","HGNC:19354","SIN3B",-0.733736675573311,-7.95736431630378,0.035
"609","ENSG00000006451","HGNC:9839","RALA",-0.735164500409548,-62.7798459695546,0.005
"610","ENSG00000131508","HGNC:12475","UBE2D2",-0.745861776300856,-67.2640825866191,0.0382513661202186
"611","ENSG00000113328","HGNC:1592","CCNG1",-0.749141467297309,-122.288441757571,0.005
"612","ENSG00000196405","HGNC:20234","EVL",-0.751755737340557,-102.680945661144,0.00505050505050505
"613","ENSG00000134352","HGNC:6021","IL6ST",-0.758948229091301,-216.734729283635,0.005
"614","ENSG00000196290","HGNC:13390","NIF3L1",-0.759399709921142,-102.821232670692,0.005
"615","ENSG00000055163","HGNC:13760","CYFIP2",-0.776665514117021,-37.6577560003704,0.005
"616","ENSG00000132906","HGNC:1511","CASP9",-0.782492105636518,-8.62060616080832,0.00613496932515337
"617","ENSG00000166949","HGNC:6769","SMAD3",-0.78274433503735,-32.5670282337651,0.00515463917525773
"618","ENSG00000064393","HGNC:14402","HIPK2",-0.785583036453603,-25.2592854302588,0.00546448087431694
"619","ENSG00000081479","HGNC:6694","LRP2",-0.787141031249964,-27.9009444411464,0.03
"620","ENSG00000169439","HGNC:10659","SDC2",-0.797800850208085,-80.3932124155959,0.005
"621","ENSG00000130713","HGNC:17097","EXOSC2",-0.798232671841033,-78.9467557398153,0.00546448087431694
"622","ENSG00000106070","HGNC:4564","GRB10",-0.808098750880825,-29.5707792692176,0.00523560209424084
"623","ENSG00000079462","HGNC:8576","PAFAH1B3",-0.812020070628522,-259.279255576104,0.005
"624","ENSG00000188313","HGNC:9092","PLSCR1",-0.81606427674876,-184.926822867661,0.00529100529100529
"625","ENSG00000153879","HGNC:1837","CEBPG",-0.824173159970561,-49.3125094986988,0.005
"626","ENSG00000065361","HGNC:3431","ERBB3",-0.829394745409882,-298.332181547473,0.00510204081632653
"627","ENSG00000105443","HGNC:9502","CYTH2",-0.863185690938062,-69.6366676311998,0.00520833333333333
"628","ENSG00000109846","HGNC:2389","CRYAB",-0.866979093859083,-662.159356147358,0.00546448087431694
"629","ENSG00000178104","HGNC:15580","PDE4DIP",-0.867469947364535,-146.529147770344,0.00537634408602151
"630","ENSG00000154767","HGNC:12816","XPC",-0.867590270392956,-102.986386052157,0.00531914893617021
"631","ENSG00000071655","HGNC:6918","MBD3",-0.875836858295687,-15.0627613718563,0.02
"632","ENSG00000171791","HGNC:990","BCL2",-0.882949690956961,-35.0661877982572,0.005
"633","ENSG00000020426","HGNC:7181","MNAT1",-1.8811527447142,59.8830917565225,0.0209424083769634
"634","ENSG00000139218","HGNC:10784","SCAF11",-2.35727611684639,184.367387970956,0.0437158469945355
"635","ENSG00000253729","HGNC:9413","PRKDC",-3.32250628023812,65.1640178548747,0.0218579234972678
"636","ENSG00000171497","HGNC:9257","PPID",-3.65434679975325,37.0902417281574,0.0382513661202186
"637","ENSG00000198561","HGNC:2515","CTNND1",-3.79165584592043,263.873017087152,0.0218579234972678
"638","ENSG00000118513","HGNC:7545","MYB",-4.06890766902752,17.2669569801222,0.00546448087431694
"639","ENSG00000131759","HGNC:9864","RARA",-4.28659248928784,6.89111542930922,0.00531914893617021
"640","ENSG00000086061","HGNC:5229","DNAJA1",-6.2667846985674,602.578618585808,0.005
"641","ENSG00000198909","HGNC:6855","MAP3K3",-6.44789049273001,2.86166417970342,0.005
"642","ENSG00000204843","HGNC:2711","DCTN1",-6.8807430878969,56.956112281109,0.005
"643","ENSG00000140382","HGNC:5001","HMG20A",-7.95640611296631,20.9903897374135,0.0113636363636364
"644","ENSG00000065243","HGNC:9406","PKN2",-8.36031187632487,20.5926928565664,0.02
"645","ENSG00000101811","HGNC:2484","CSTF2",-9.06009954120983,15.1286364368424,0.04
"646","ENSG00000143153","HGNC:804","ATP1B1",-9.20720043691919,131.72815512467,0.0209424083769634
"647","ENSG00000132670","HGNC:9664","PTPRA",-9.44790597454516,17.6993563675791,0.00546448087431694
"648","ENSG00000162231","HGNC:8071","NXF1",-9.83000060412967,180.148988015034,0.005
"649","ENSG00000121481","HGNC:10061","RNF2",-9.91472199520815,19.2007240415078,0.00546448087431694
"650","ENSG00000110492","HGNC:6972","MDK",-10.8646040850647,144.30032379633,0.005
"651","ENSG00000092820","HGNC:12691","EZR",-11.5824750859022,753.396790177292,0.0273224043715847
"652","ENSG00000129691","HGNC:744","ASH2L",-12.2457063609117,21.3570753266351,0.00546448087431694
"653","ENSG00000107175","HGNC:2347","CREB3",-16.4581881288761,30.3702136510995,0.0218579234972678
"654","ENSG00000036257","HGNC:2553","CUL3",-17.8510602695323,77.0903894887268,0.0218579234972678
"655","ENSG00000197279","HGNC:12953","ZNF165",-20.0271960601327,230.19273690112,0.005
"656","ENSG00000118503","HGNC:11896","TNFAIP3",-22.1728466344226,36.5990276776354,0.00546448087431694
"657","ENSG00000108590","HGNC:24260","MED31",-23.0029795514935,56.8905430449698,0.005
"658","ENSG00000170345","HGNC:3796","FOS",-27.5500312818616,769.621977489613,0.00523560209424084
"659","ENSG00000179094","HGNC:8845","PER1",-48.2460953832698,5.11268097334683,0.005
"660","ENSG00000161638","HGNC:6141","ITGA5",-78.0632463017534,9.81356314055405,0.005
"661","ENSG00000163703","HGNC:14630","CRELD1",-127.51714169856,10.710934144552,0.00546448087431694
"662","ENSG00000164109","HGNC:6763","MAD2L1",-176.178249364257,33.6646660484094,0.005
"663","ENSG00000176903","HGNC:9158","PNMA1",-200.67640311401,4.42478551264873,0.00546448087431694
"664","ENSG00000026025","HGNC:12692","VIM",-8429.62332608792,48.7882632857345,0.005
"665","ENSG00000170312","HGNC:1722","CDK1",-10510.8767727756,38.4627798524239,0.005
