"","Ensembl.ID","HGNC.ID","HGNC.symbol","rank","RelEffect","AbsEffect","p"
"1","ENSG00000155657","HGNC:12403","TTN",335,0.431370917132963,320.702824707137,0.00588235294117647
"2","ENSG00000141027","HGNC:7672","NCOR1",44,0.201768263496307,1338.34804917655,0.0153846153846154
"3","ENSG00000084674","HGNC:603","APOB",42,1.3337252505537,13.0951810349175,0.005
"4","ENSG00000081479","HGNC:6694","LRP2",40,3.33676696534843,6833.98567178823,0.005
"5","ENSG00000085224","HGNC:886","ATRX",39,0.160318915419395,1161.86215655122,0.01
"6","ENSG00000127914","HGNC:379","AKAP9",37,0.398921795302161,3476.966395485,0.0153846153846154
"7","ENSG00000143669","HGNC:1968","LYST",36,0.260707292219708,854.310378784922,0.0307692307692308
"8","ENSG00000065526","HGNC:17575","SPEN",35,0.187332871253316,1066.11486980813,0.01
"9","ENSG00000171862","HGNC:9588","PTEN",34,0.185538716527915,1383.03836298275,0.04
"10","ENSG00000152818","HGNC:12635","UTRN",30,0.258917129670341,1339.46530691013,0.00523560209424084
"11","ENSG00000166963","HGNC:6835","MAP1A",29,0.400665300054014,516.523285323564,0.03
"12","ENSG00000065559","HGNC:6844","MAP2K4",28,0.322590078677855,604.593490270793,0.0153846153846154
"13","ENSG00000185010","HGNC:3546","F8",27,0.284189639088262,231.547395886381,0.02
"14","ENSG00000157106","HGNC:30045","SMG1",27,-0.1021286582251,-1041.83909374417,0.0418848167539267
"15","ENSG00000142208","HGNC:391","AKT1",27,-0.321898808459165,-7258.73643512635,0.00588235294117647
"16","ENSG00000104517","HGNC:16806","UBR5",26,0.205937957888022,1820.07830384863,0.04
"17","ENSG00000115414","HGNC:3778","FN1",22,-0.240311497104799,-80430.1552977785,0.0461538461538462
"18","ENSG00000065361","HGNC:3431","ERBB3",21,0.53720751402071,8970.03851949334,0.005
"19","ENSG00000159216","HGNC:10471","RUNX1",21,0.286935096975463,2729.85043204132,0.005
"20","ENSG00000079841","HGNC:17282","RIMS1",20,2.88718856139739,167.709083799597,0.005
"21","ENSG00000029534","HGNC:492","ANK1",20,1.91945712606867,353.150569700583,0.005
"22","ENSG00000197386","HGNC:4851","HTT",20,0.295079726946951,1731.1697055205,0.0153846153846154
"23","ENSG00000147133","HGNC:11535","TAF1",20,0.1471001227133,475.707765342922,0.03
"24","ENSG00000078018","HGNC:6839","MAP2",20,-0.629248692908223,-1053.30000528677,0.045
"25","ENSG00000188153","HGNC:2207","COL4A5",19,0.817707067876107,1784.80580336834,0.0236686390532544
"26","ENSG00000197565","HGNC:2208","COL4A6",19,0.791810996203622,332.981493951764,0.005
"27","ENSG00000150995","HGNC:6180","ITPR1",19,0.645623386088033,2273.01226167781,0.00892857142857143
"28","ENSG00000107186","HGNC:7208","MPDZ",19,0.311803722533543,515.13178513552,0.045
"29","ENSG00000082898","HGNC:12825","XPO1",19,-0.104911401163606,-1306.688357644,0.0352941176470588
"30","ENSG00000054523","HGNC:16636","KIF1B",19,-0.226935035654938,-1109.03360031996,0.005
"31","ENSG00000107485","HGNC:4172","GATA3",18,1.09813961631364,22978.701138931,0.0153846153846154
"32","ENSG00000012048","HGNC:1100","BRCA1",18,0.262986888125089,260.901930843784,0.04
"33","ENSG00000115524","HGNC:10768","SF3B1",18,-0.104003618791682,-3384.10771403991,0.0319148936170213
"34","ENSG00000081052","HGNC:2206","COL4A4",18,-0.467773926907588,-124.394524783916,0.04
"35","ENSG00000147255","HGNC:5948","IGSF1",17,8.82282564652268,1990.7818805826,0.005
"36","ENSG00000163629","HGNC:9646","PTPN13",17,0.550744391390015,1118.49650849965,0.0104712041884817
"37","ENSG00000174469","HGNC:13830","CNTNAP2",17,0.517873705785171,769.056308149386,0.0177514792899408
"38","ENSG00000100393","HGNC:3373","EP300",17,0.17864836336084,1169.39111870919,0.0294117647058824
"39","ENSG00000102974","HGNC:13723","CTCF",17,0.107577725657571,443.220511123131,0.0157068062827225
"40","ENSG00000153201","HGNC:9848","RANBP2",17,-0.171460923422815,-2407.66397060078,0.00588235294117647
"41","ENSG00000132694","HGNC:14580","ARHGEF11",17,-0.195045586012623,-1215.68975717812,0.0319148936170213
"42","ENSG00000169031","HGNC:2204","COL4A3",17,-0.557856046047927,-72.3796410969514,0.02
"43","ENSG00000178568","HGNC:3432","ERBB4",16,6.82979826559903,2850.70113066531,0.00591715976331361
"44","ENSG00000049759","HGNC:7728","NEDD4L",16,0.726495611100746,2316.10449714482,0.005
"45","ENSG00000198932","HGNC:24834","GPRASP1",16,0.588029478039368,174.6050245873,0.005
"46","ENSG00000164692","HGNC:2198","COL1A2",16,0.206273216384804,50086.7265320599,0.045
"47","ENSG00000159140","HGNC:11183","SON",16,0.154038695199488,2496.48249147562,0.015
"48","ENSG00000167306","HGNC:7603","MYO5B",16,-0.242033441410061,-1791.41106640339,0.03
"49","ENSG00000173898","HGNC:11276","SPTBN2",16,-0.442548183154849,-2951.05548794139,0.0307692307692308
"50","ENSG00000058335","HGNC:9875","RASGRF1",16,-0.622516063000215,-287.156263306738,0.0470588235294118
"51","ENSG00000155511","HGNC:4571","GRIA1",15,48.3098180904347,344.488083551127,0.005
"52","ENSG00000078328","HGNC:18222","RBFOX1",15,3.96935001657443,5.60047153033719,0.005
"53","ENSG00000137497","HGNC:8059","NUMA1",15,0.641326941974631,9473.65518072125,0.0153846153846154
"54","ENSG00000174175","HGNC:10721","SELP",15,0.545722164809147,197.003113559408,0.0104712041884817
"55","ENSG00000132849","HGNC:28881","PATJ",15,0.329826441261903,1687.52952256552,0.005
"56","ENSG00000151276","HGNC:946","MAGI1",15,0.200200346248486,408.726847418541,0.015
"57","ENSG00000197535","HGNC:7602","MYO5A",15,-0.213752018549065,-709.585952805866,0.0307692307692308
"58","ENSG00000049323","HGNC:6714","LTBP1",15,-0.271248273487925,-1670.48870602534,0.0261780104712042
"59","ENSG00000148053","HGNC:8032","NTRK2",14,1.60064699297358,2914.67412499282,0.005
"60","ENSG00000106571","HGNC:4319","GLI3",14,1.3112164810504,2543.18560174845,0.00523560209424084
"61","ENSG00000183337","HGNC:20893","BCOR",14,0.426438300280039,1211.06235106335,0.005
"62","ENSG00000107554","HGNC:30373","DNMBP",14,0.370050495349431,567.120480001498,0.005
"63","ENSG00000158301","HGNC:25169","GPRASP2",14,0.267256362582099,140.014171418204,0.04
"64","ENSG00000160294","HGNC:6946","MCM3AP",14,0.213435220371601,1113.66777940687,0.00523560209424084
"65","ENSG00000112851","HGNC:15842","ERBIN",14,0.151901329448208,1277.77347134337,0.0307692307692308
"66","ENSG00000102081","HGNC:3775","FMR1",14,-0.14281034777641,-751.001991114607,0.035
"67","ENSG00000124151","HGNC:7670","NCOA3",14,-0.209523816317219,-1177.49433816051,0.00909090909090909
"68","ENSG00000160460","HGNC:14896","SPTBN4",13,3.7675012566522,398.882720507235,0.005
"69","ENSG00000110318","HGNC:29264","CEP126",13,2.05027155791386,573.141485681122,0.005
"70","ENSG00000187391","HGNC:18957","MAGI2",13,1.52181799750899,758.318122662223,0.00704225352112676
"71","ENSG00000257923","HGNC:2557","CUX1",13,0.139866189916309,834.196241571416,0.0471204188481675
"72","ENSG00000153187","HGNC:5048","HNRNPU",13,0.0879494846293493,2617.03786390328,0.0478723404255319
"73","ENSG00000124181","HGNC:9065","PLCG1",13,-0.165646861508091,-987.474441333525,0.045
"74","ENSG00000177189","HGNC:10432","RPS6KA3",13,-0.189349662854606,-493.109830744093,0.031413612565445
"75","ENSG00000137574","HGNC:17843","TGS1",13,-0.222690255222334,-457.541167051741,0.0254777070063694
"76","ENSG00000071054","HGNC:6866","MAP4K4",13,-0.290767241586591,-2902.73193334523,0.00588235294117647
"77","ENSG00000185002","HGNC:21478","RFX6",12,6.27767993005853,38.3966529784812,0.005
"78","ENSG00000182255","HGNC:6222","KCNA4",12,1.97729981269229,3.16162530799466,0.00531914893617021
"79","ENSG00000152578","HGNC:4574","GRIA4",12,1.2933368961676,67.6699074348977,0.005
"80","ENSG00000196482","HGNC:3474","ESRRG",12,1.09173903728564,409.109796464591,0.005
"81","ENSG00000132326","HGNC:8846","PER2",12,0.486499147539856,825.08658032272,0.005
"82","ENSG00000152822","HGNC:4593","GRM1",12,0.474694923072205,3.86691778603553,0.04
"83","ENSG00000135503","HGNC:172","ACVR1B",12,0.36676028825411,1082.62729489567,0.005
"84","ENSG00000172493","HGNC:7135","AFF1",12,0.344218541777951,1472.8175358151,0.00909090909090909
"85","ENSG00000129675","HGNC:685","ARHGEF6",12,0.332908802877649,816.788032689508,0.005
"86","ENSG00000112659","HGNC:15982","CUL9",12,0.32277403714769,636.933097563454,0.005
"87","ENSG00000064393","HGNC:14402","HIPK2",12,0.2495490028588,1249.7559704462,0.015
"88","ENSG00000108654","HGNC:2746","DDX5",12,0.242698619461206,8782.76922103461,0.0117647058823529
"89","ENSG00000166888","HGNC:11368","STAT6",12,0.229973008250145,1760.93479883081,0.0153846153846154
"90","ENSG00000080503","HGNC:11098","SMARCA2",12,0.210962411836032,1559.81645613776,0.0153846153846154
"91","ENSG00000100813","HGNC:17066","ACIN1",12,0.162443190940287,1385.34973137555,0.0153846153846154
"92","ENSG00000099991","HGNC:24187","CABIN1",12,0.144196709726982,673.70389231203,0.0104712041884817
"93","ENSG00000169057","HGNC:6990","MECP2",12,0.123989554028583,498.485269530713,0.0461538461538462
"94","ENSG00000080839","HGNC:9893","RBL1",12,-0.260686186995198,-359.730640074204,0.0411764705882353
"95","ENSG00000147010","HGNC:13867","SH3KBP1",12,-0.356832930653831,-1271.73004263563,0.00588235294117647
"96","ENSG00000077092","HGNC:9865","RARB",12,-0.367038634047221,-215.86848043674,0.045
"97","ENSG00000075651","HGNC:9067","PLD1",12,-0.459163443137169,-699.088612528562,0.005
"98","ENSG00000105976","HGNC:7029","MET",12,-0.57089492339967,-1910.3978355859,0.005
"99","ENSG00000164404","HGNC:4224","GDF9",11,10.4185614940189,652.500051874365,0.005
"100","ENSG00000044524","HGNC:3387","EPHA3",11,6.12748350471591,449.917501678323,0.04
"101","ENSG00000147481","HGNC:13740","SNTG1",11,3.56799310463808,7.5513410952693,0.005
"102","ENSG00000140443","HGNC:5465","IGF1R",11,2.79707703800902,14336.1845628393,0.00531914893617021
"103","ENSG00000184408","HGNC:6238","KCND2",11,2.24659979768634,359.382752273817,0.00523560209424084
"104","ENSG00000134215","HGNC:12659","VAV3",11,1.11104851938061,6471.6891214104,0.00909090909090909
"105","ENSG00000081026","HGNC:29647","MAGI3",11,0.541038745111352,1061.53342056858,0.005
"106","ENSG00000103449","HGNC:10524","SALL1",11,0.484881232674803,36.5193769526249,0.00523560209424084
"107","ENSG00000113595","HGNC:660","TRIM23",11,0.335416468165316,238.214230237262,0.0153846153846154
"108","ENSG00000113522","HGNC:9816","RAD50",11,0.271594842442882,1127.22127811413,0.00909090909090909
"109","ENSG00000121741","HGNC:12989","ZMYM2",11,0.267485485441542,1794.53368564238,0.00588235294117647
"110","ENSG00000124788","HGNC:10548","ATXN1",11,0.247502484488677,679.628548791935,0.00909090909090909
"111","ENSG00000082641","HGNC:7781","NFE2L1",11,0.22485550015384,4128.15890668729,0.03
"112","ENSG00000155506","HGNC:29531","LARP1",11,0.203521182893774,2707.92769566796,0.005
"113","ENSG00000173473","HGNC:11104","SMARCC1",11,-0.215865339456369,-2717.05872685979,0.005
"114","ENSG00000105639","HGNC:6193","JAK3",11,-0.263521992756027,-310.296241989621,0.0463917525773196
"115","ENSG00000179222","HGNC:6813","MAGED1",11,-0.268356058692432,-6669.28599443481,0.005
"116","ENSG00000183765","HGNC:16627","CHEK2",11,-0.281596748965508,-249.631820378019,0.0294117647058824
"117","ENSG00000123124","HGNC:17004","WWP1",10,1.51809338473597,10383.1501104041,0.00523560209424084
"118","ENSG00000184144","HGNC:2172","CNTN2",10,1.38780059881998,51.0030666968346,0.00591715976331361
"119","ENSG00000173406","HGNC:2661","DAB1",10,1.10572675855677,53.0526666475284,0.015
"120","ENSG00000104365","HGNC:5960","IKBKB",10,0.847838202836637,2948.49080393861,0.005
"121","ENSG00000153922","HGNC:1915","CHD1",10,0.677710651089397,2335.56194749145,0.00523560209424084
"122","ENSG00000124491","HGNC:3531","F13A1",10,0.440453044984147,1166.96493924267,0.0209424083769634
"123","ENSG00000150760","HGNC:2987","DOCK1",10,0.429471968521862,1835.60830815761,0.005
"124","ENSG00000082397","HGNC:3380","EPB41L3",10,0.377784675405625,648.211962914084,0.0104712041884817
"125","ENSG00000154767","HGNC:12816","XPC",10,0.362757180943738,795.847200499393,0.0153846153846154
"126","ENSG00000169375","HGNC:19353","SIN3A",10,0.346343589072792,1630.32477962833,0.00636942675159236
"127","ENSG00000148516","HGNC:11642","ZEB1",10,0.323122270260538,530.35159261454,0.00892857142857143
"128","ENSG00000265972","HGNC:16952","TXNIP",10,0.295810820042587,8220.21618378778,0.0153846153846154
"129","ENSG00000170004","HGNC:1918","CHD3",10,0.295810262182493,3046.08379598908,0.005
"130","ENSG00000106976","HGNC:2972","DNM1",10,0.270678923171725,257.60709118543,0.0212765957446809
"131","ENSG00000142599","HGNC:9965","RERE",10,0.185074718856117,1276.90986366661,0.0153846153846154
"132","ENSG00000130307","HGNC:24058","USHBP1",10,0.172798250525536,23.8078742505465,0.0454545454545455
"133","ENSG00000196628","HGNC:11634","TCF4",10,0.158737195666437,986.573820404975,0.0344827586206897
"134","ENSG00000186716","HGNC:1014","BCR",10,-0.192120426753115,-1122.0815687955,0.005
"135","ENSG00000080845","HGNC:24476","DLGAP4",10,-0.194383146674369,-1633.38726594212,0.00704225352112676
"136","ENSG00000160688","HGNC:24671","FLAD1",10,-0.227109410167792,-1069.05733169605,0.0294117647058824
"137","ENSG00000148498","HGNC:16051","PARD3",10,-0.233935476889016,-924.695524690669,0.015
"138","ENSG00000128656","HGNC:1943","CHN1",10,-0.294738279628933,-341.661169720311,0.0261780104712042
"139","ENSG00000118898","HGNC:9273","PPL",10,-0.305227417157317,-1906.33423157188,0.0307692307692308
"140","ENSG00000147044","HGNC:1497","CASK",10,-0.411293338078335,-2999.17346766612,0.0232558139534884
"141","ENSG00000133216","HGNC:3393","EPHB2",10,-0.41923805860411,-563.267785422523,0.0104712041884817
"142","ENSG00000089199","HGNC:1930","CHGB",9,353.704987088251,8002.58182204459,0.005
"143","ENSG00000091831","HGNC:3467","ESR1",9,307.714667824686,33972.3633145128,0.00909090909090909
"144","ENSG00000121753","HGNC:944","ADGRB2",9,4.05040944279153,2791.41065090161,0.00523560209424084
"145","ENSG00000134352","HGNC:6021","IL6ST",9,2.92849181363813,25619.2997907047,0.00909090909090909
"146","ENSG00000122025","HGNC:3765","FLT3",9,2.77484681130711,346.974982733859,0.005
"147","ENSG00000078053","HGNC:471","AMPH",9,1.20797423732839,334.870968837115,0.005
"148","ENSG00000008056","HGNC:11494","SYN1",9,0.488772496401331,74.5398307696074,0.0470588235294118
"149","ENSG00000074590","HGNC:14311","NUAK1",9,0.332156812440552,522.925562314815,0.0153846153846154
"150","ENSG00000127946","HGNC:4913","HIP1",9,0.309384327379352,1417.01991223997,0.00523560209424084
"151","ENSG00000126777","HGNC:6467","KTN1",9,0.294318753008801,5928.84851997784,0.00588235294117647
"152","ENSG00000049246","HGNC:8847","PER3",9,0.280506770366935,399.156518855421,0.005
"153","ENSG00000109686","HGNC:30418","SH3D19",9,0.271358175810877,841.34586461344,0.00523560209424084
"154","ENSG00000101040","HGNC:9397","ZMYND8",9,0.248404838496515,1058.20116657963,0.005
"155","ENSG00000072133","HGNC:10435","RPS6KA6",9,0.248298914047873,156.482421287355,0.0425531914893617
"156","ENSG00000129315","HGNC:1599","CCNT1",9,0.232483183711926,469.405207045198,0.005
"157","ENSG00000120071","HGNC:24565","KANSL1",9,0.218292110560327,676.538561163231,0.0344827586206897
"158","ENSG00000133895","HGNC:7010","MEN1",9,0.160296742534407,415.780682836313,0.045
"159","ENSG00000204217","HGNC:1078","BMPR2",9,0.137399917347748,1288.61406758893,0.0153846153846154
"160","ENSG00000139613","HGNC:11105","SMARCC2",9,0.114152998151749,659.061121097573,0.04
"161","ENSG00000107771","HGNC:29197","CCSER2",9,-0.162344208706938,-816.882744658198,0.04
"162","ENSG00000074266","HGNC:3188","EED",9,-0.19318892191122,-358.459195956008,0.0319148936170213
"163","ENSG00000075624","HGNC:132","ACTB",9,-0.201236459952968,-75354.698263619,0.04
"164","ENSG00000014216","HGNC:1476","CAPN1",9,-0.224084491168346,-3769.42855840366,0.0153846153846154
"165","ENSG00000101134","HGNC:16173","DOK5",9,-0.565325767584001,-197.168206463447,0.04
"166","ENSG00000138696","HGNC:1077","BMPR1B",8,42.4680640066311,12578.9105531135,0.00591715976331361
"167","ENSG00000198033","HGNC:12408","TUBA3C",8,13.1175305043062,21.019734327549,0.005
"168","ENSG00000186868","HGNC:6893","MAPT",8,11.1588052367436,9201.04320775591,0.005
"169","ENSG00000165731","HGNC:9967","RET",8,5.06841949970345,4246.02828089137,0.00588235294117647
"170","ENSG00000167768","HGNC:6412","KRT1",8,2.63449661784805,735.390435770785,0.005
"171","ENSG00000184937","HGNC:12796","WT1",8,1.03057680905463,202.604953217731,0.005
"172","ENSG00000169083","HGNC:644","AR",8,0.675894353195783,5262.28797247133,0.005
"173","ENSG00000166167","HGNC:1144","BTRC",8,0.530469649559331,1025.99323292736,0.00523560209424084
"174","ENSG00000165943","HGNC:16658","MOAP1",8,0.502958807168954,924.583750259611,0.00591715976331361
"175","ENSG00000069702","HGNC:11774","TGFBR3",8,0.444246768004245,997.901059561721,0.015
"176","ENSG00000108946","HGNC:9388","PRKAR1A",8,0.323073102502802,4126.74866146763,0.00523560209424084
"177","ENSG00000170677","HGNC:16833","SOCS6",8,0.304963585450959,965.274152933251,0.00588235294117647
"178","ENSG00000185532","HGNC:9414","PRKG1",8,0.294025124641198,181.601163494263,0.02
"179","ENSG00000101096","HGNC:7776","NFATC2",8,0.288801382878722,337.940998014408,0.01
"180","ENSG00000111530","HGNC:30688","CAND1",8,0.218271433127195,1891.85721916765,0.0153846153846154
"181","ENSG00000132334","HGNC:9669","PTPRE",8,0.206270966410046,269.569406535417,0.01
"182","ENSG00000120690","HGNC:3316","ELF1",8,0.203162349757045,870.848200580222,0.00909090909090909
"183","ENSG00000213983","HGNC:556","AP1G2",8,0.166741550351817,412.437266524802,0.04
"184","ENSG00000115145","HGNC:11358","STAM2",8,0.134318516023787,307.539279915858,0.0209424083769634
"185","ENSG00000103197","HGNC:12363","TSC2",8,-0.100829375201775,-957.490377301623,0.0388888888888889
"186","ENSG00000129245","HGNC:4024","FXR2",8,-0.145949195239283,-461.221574357599,0.0209424083769634
"187","ENSG00000137845","HGNC:188","ADAM10",8,-0.152503206994015,-1180.91675129451,0.0307692307692308
"188","ENSG00000148737","HGNC:11641","TCF7L2",8,-0.188885216965909,-429.150773807523,0.0470588235294118
"189","ENSG00000100084","HGNC:4916","HIRA",8,-0.189358739793558,-211.956706207182,0.0272727272727273
"190","ENSG00000100207","HGNC:11631","TCF20",8,-0.207138417266802,-1033.75605699443,0.0235294117647059
"191","ENSG00000186575","HGNC:7773","NF2",8,-0.280562937433994,-987.798163885655,0.00523560209424084
"192","ENSG00000135605","HGNC:11719","TEC",8,-0.281291242046548,-46.8335161202454,0.0307692307692308
"193","ENSG00000134371","HGNC:16783","CDC73",8,-0.28576108824892,-1968.32689727129,0.005
"194","ENSG00000100644","HGNC:4910","HIF1A",8,-0.322387221688194,-4590.07150213028,0.0191082802547771
"195","ENSG00000076944","HGNC:11445","STXBP2",8,-0.337206230448347,-1822.70756091996,0.005
"196","ENSG00000147065","HGNC:7373","MSN",8,-0.343251158198473,-9727.82381709317,0.005
"197","ENSG00000147852","HGNC:12698","VLDLR",8,-0.432624383550761,-744.89377561823,0.005
"198","ENSG00000111046","HGNC:7566","MYF6",7,18.9430281869574,18.0147991367205,0.005
"199","ENSG00000105737","HGNC:4583","GRIK5",7,1.24680013223696,73.5841805210278,0.025
"200","ENSG00000004939","HGNC:11027","SLC4A1",7,0.914252392127934,1.53781893857096,0.015
"201","ENSG00000135821","HGNC:4341","GLUL",7,0.875695352561799,41413.377654033,0.0153846153846154
"202","ENSG00000126583","HGNC:9402","PRKCG",7,0.740709613294803,7.19020690250253,0.005
"203","ENSG00000055163","HGNC:13760","CYFIP2",7,0.658348340449275,1295.83479621376,0.005
"204","ENSG00000006125","HGNC:563","AP2B1",7,0.645006786483373,10709.0666595809,0.005
"205","ENSG00000117335","HGNC:6953","CD46",7,0.548541677496105,11900.6852050814,0.00523560209424084
"206","ENSG00000164171","HGNC:6137","ITGA2",7,0.509258180772004,1156.5601964469,0.005
"207","ENSG00000141232","HGNC:11979","TOB1",7,0.508795580948641,4098.25892577393,0.005
"208","ENSG00000078674","HGNC:8727","PCM1",7,0.443862695210079,4893.20773785541,0.00531914893617021
"209","ENSG00000153914","HGNC:17882","SREK1",7,0.422958488686402,2039.26979330464,0.00523560209424084
"210","ENSG00000145715","HGNC:9871","RASA1",7,0.422286444965234,1008.99551768819,0.00523560209424084
"211","ENSG00000012822","HGNC:29306","CALCOCO1",7,0.394524800445565,1395.39108667865,0.0153846153846154
"212","ENSG00000171843","HGNC:7136","MLLT3",7,0.390065346236301,378.35099200498,0.0153846153846154
"213","ENSG00000132670","HGNC:9664","PTPRA",7,0.357549965746248,1986.38708054945,0.0153846153846154
"214","ENSG00000164050","HGNC:9103","PLXNB1",7,0.33123054809747,2592.13606838098,0.005
"215","ENSG00000116678","HGNC:6554","LEPR",7,0.32112735151862,246.933308271878,0.01
"216","ENSG00000142675","HGNC:19700","CNKSR1",7,0.307726688156686,440.007318475017,0.005
"217","ENSG00000160695","HGNC:14583","VPS11",7,0.248670857697558,668.823181350236,0.005
"218","ENSG00000159788","HGNC:9994","RGS12",7,0.231429101243289,448.856729770173,0.0153846153846154
"219","ENSG00000072062","HGNC:9380","PRKACA",7,0.210241997434208,1245.77582251215,0.028169014084507
"220","ENSG00000173757","HGNC:11367","STAT5B",7,0.206181716040475,780.64912174243,0.0307692307692308
"221","ENSG00000197343","HGNC:30899","ZNF655",7,0.205766763468297,519.963944339831,0.025
"222","ENSG00000168398","HGNC:1030","BDKRB2",7,0.205261144299314,160.760870952845,0.0418848167539267
"223","ENSG00000138814","HGNC:9314","PPP3CA",7,0.203798059920928,868.470803571358,0.03
"224","ENSG00000138592","HGNC:12631","USP8",7,0.203625870719991,619.956453246487,0.00909090909090909
"225","ENSG00000157554","HGNC:3446","ERG",7,0.196753175644165,167.936518855413,0.015
"226","ENSG00000113712","HGNC:2451","CSNK1A1",7,0.195682787740491,1216.17666209205,0.0153846153846154
"227","ENSG00000111266","HGNC:17909","DUSP16",7,0.194074205509851,996.834530507502,0.015
"228","ENSG00000179941","HGNC:26291","BBS10",7,0.188712430212326,222.126082236636,0.005
"229","ENSG00000165699","HGNC:12362","TSC1",7,0.184500195286931,352.769618242165,0.0153846153846154
"230","ENSG00000108312","HGNC:12511","UBTF",7,0.177608000544526,2139.32470678537,0.00531914893617021
"231","ENSG00000097007","HGNC:76","ABL1",7,0.167315764653848,981.957453787246,0.0363636363636364
"232","ENSG00000002822","HGNC:6762","MAD1L1",7,-0.18294339379705,-314.66878536547,0.025
"233","ENSG00000121989","HGNC:173","ACVR2A",7,-0.195504226027279,-295.816063438807,0.0176470588235294
"234","ENSG00000144381","HGNC:5261","HSPD1",7,-0.202828654323182,-4814.57728077584,0.0261780104712042
"235","ENSG00000159352","HGNC:9561","PSMD4",7,-0.213264087521407,-2730.1918399903,0.0461538461538462
"236","ENSG00000095002","HGNC:7325","MSH2",7,-0.232092435909373,-693.802417841527,0.0409356725146199
"237","ENSG00000157557","HGNC:3489","ETS2",7,-0.257861160387811,-1249.94741753991,0.01
"238","ENSG00000166908","HGNC:23786","PIP4K2C",7,-0.269718019317504,-1808.98626552346,0.005
"239","ENSG00000162946","HGNC:2888","DISC1",7,-0.342332222724449,-162.394333723875,0.03
"240","ENSG00000254087","HGNC:6735","LYN",7,-0.408387141102019,-1252.8025646861,0.005
"241","ENSG00000115380","HGNC:3218","EFEMP1",7,-0.559568296850752,-7430.04505160856,0.035
"242","ENSG00000091513","HGNC:11740","TF",7,-0.917293872285802,-8466.35471985079,0.0149253731343284
"243","ENSG00000082175","HGNC:8910","PGR",6,171.178876027696,9048.74290540004,0.00523560209424084
"244","ENSG00000132639","HGNC:11132","SNAP25",6,2.92508644503466,286.895996132963,0.005
"245","ENSG00000163464","HGNC:6026","CXCR1",6,2.05381457880469,30.8919628943861,0.005
"246","ENSG00000152661","HGNC:4274","GJA1",6,2.01840158100946,12174.3601554308,0.00523560209424084
"247","ENSG00000188779","HGNC:21326","SKOR1",6,1.70130989339865,21.9787007939638,0.0355329949238579
"248","ENSG00000109906","HGNC:12930","ZBTB16",6,1.18584850609753,147.003013826853,0.02
"249","ENSG00000134909","HGNC:17399","ARHGAP32",6,0.685386391914143,2466.05108485029,0.00591715976331361
"250","ENSG00000082781","HGNC:6160","ITGB5",6,0.607924445931236,6552.0916097984,0.0153846153846154
"251","ENSG00000120658","HGNC:25474","ENOX1",6,0.563739325505363,124.786581635195,0.005
"252","ENSG00000111276","HGNC:1785","CDKN1B",6,0.517879289168717,2267.26765170541,0.00591715976331361
"253","ENSG00000185345","HGNC:8607","PRKN",6,0.441309405486498,45.8566564833972,0.015
"254","ENSG00000141258","HGNC:29026","SGSM2",6,0.40758724617123,1275.57815171524,0.005
"255","ENSG00000112964","HGNC:4263","GHR",6,0.355121402954685,260.954590214242,0.0418848167539267
"256","ENSG00000178607","HGNC:3449","ERN1",6,0.34442414260529,697.467334727369,0.00523560209424084
"257","ENSG00000111057","HGNC:6430","KRT18",6,0.313392187114542,12638.2769533067,0.00523560209424084
"258","ENSG00000092820","HGNC:12691","EZR",6,0.269525981471596,5512.88337492145,0.00704225352112676
"259","ENSG00000181104","HGNC:3537","F2R",6,0.250987399902598,961.152020868611,0.00523560209424084
"260","ENSG00000157514","HGNC:3051","TSC22D3",6,0.234982271731025,2206.22821770212,0.0471204188481675
"261","ENSG00000103342","HGNC:4621","GSPT1",6,0.201805809148483,2423.00315972037,0.00588235294117647
"262","ENSG00000204580","HGNC:2730","DDR1",6,0.179771970925828,3978.79393134449,0.03
"263","ENSG00000109458","HGNC:4066","GAB1",6,0.174995220256506,465.68322856147,0.0153846153846154
"264","ENSG00000153094","HGNC:994","BCL2L11",6,0.147856865504509,438.206815471273,0.02
"265","ENSG00000006194","HGNC:13056","ZNF263",6,0.131413026761607,331.467895613102,0.0153846153846154
"266","ENSG00000083896","HGNC:30626","YTHDC1",6,0.097567185507272,472.486610431038,0.0153846153846154
"267","ENSG00000006744","HGNC:14198","ELAC2",6,-0.12154681698481,-523.866376400118,0.02
"268","ENSG00000132305","HGNC:6047","IMMT",6,-0.135786289846111,-1001.83032150179,0.015
"269","ENSG00000105323","HGNC:17011","HNRNPUL1",6,-0.136086518563534,-2801.59121698018,0.0445859872611465
"270","ENSG00000213024","HGNC:8066","NUP62",6,-0.13781412036025,-796.674768990592,0.0235294117647059
"271","ENSG00000127947","HGNC:9645","PTPN12",6,-0.140302214389122,-1332.69077745266,0.035
"272","ENSG00000102753","HGNC:6396","KPNA3",6,-0.149462961985093,-507.927044306309,0.035
"273","ENSG00000115216","HGNC:7993","NRBP1",6,-0.167971322940599,-1559.89216985059,0.0461538461538462
"274","ENSG00000131504","HGNC:2876","DIAPH1",6,-0.168986769232816,-1592.51482874131,0.0461538461538462
"275","ENSG00000138071","HGNC:169","ACTR2",6,-0.172902241406573,-3563.50475324684,0.00523560209424084
"276","ENSG00000198742","HGNC:16807","SMURF1",6,-0.212479829109273,-706.532868902164,0.00523560209424084
"277","ENSG00000108854","HGNC:16809","SMURF2",6,-0.21321586892466,-557.008469807444,0.025
"278","ENSG00000106070","HGNC:4564","GRB10",6,-0.221656820491897,-942.273148494829,0.005
"279","ENSG00000117676","HGNC:10430","RPS6KA1",6,-0.222801120153643,-1015.31034861022,0.0307692307692308
"280","ENSG00000157077","HGNC:6775","ZFYVE9",6,-0.2354648191583,-492.296322760295,0.0307692307692308
"281","ENSG00000141030","HGNC:2239","COPS3",6,-0.247619744897922,-891.149502777592,0.00531914893617021
"282","ENSG00000096063","HGNC:11305","SRPK1",6,-0.272257188393039,-1487.17674391134,0.0352941176470588
"283","ENSG00000140009","HGNC:3468","ESR2",6,-0.277720454656264,-11.9553655040119,0.03
"284","ENSG00000069956","HGNC:6879","MAPK6",6,-0.289518961937684,-1101.77990484883,0.0153846153846154
"285","ENSG00000169242","HGNC:3221","EFNA1",6,-0.289966461308931,-3294.37528326342,0.005
"286","ENSG00000182481","HGNC:6395","KPNA2",6,-0.308582146856583,-3599.38976928762,0.00584795321637427
"287","ENSG00000169679","HGNC:1148","BUB1",6,-0.311042713984541,-743.325719822148,0.0350877192982456
"288","ENSG00000138101","HGNC:3058","DTNB",6,-0.337047106107381,-779.495755553175,0.005
"289","ENSG00000145386","HGNC:1578","CCNA2",6,-0.340551455153468,-539.216652951614,0.04
"290","ENSG00000170485","HGNC:7895","NPAS2",6,-0.361888789187724,-670.426668502117,0.0235294117647059
"291","ENSG00000196781","HGNC:11837","TLE1",6,-0.370909332849645,-1274.70364326465,0.005
"292","ENSG00000135269","HGNC:14620","TES",6,-0.38782376956816,-2458.31864416017,0.005
"293","ENSG00000165304","HGNC:16870","MELK",6,-0.406480237408823,-566.588766237761,0.0355029585798817
"294","ENSG00000166851","HGNC:9077","PLK1",6,-0.409381699618116,-993.552002685456,0.00588235294117647
"295","ENSG00000145604","HGNC:10901","SKP2",6,-0.413427883070093,-641.63893321908,0.00588235294117647
"296","ENSG00000100665","HGNC:8948","SERPINA4",5,5.89750534753517,16.2189226209631,0.00531914893617021
"297","ENSG00000276644","HGNC:2663","DACH1",5,4.71801359391736,2032.33663834834,0.005
"298","ENSG00000029725","HGNC:17677","RABEP1",5,1.78073031827631,6858.79211086666,0.0153846153846154
"299","ENSG00000179348","HGNC:4171","GATA2",5,1.4942910794145,665.163305288173,0.00523560209424084
"300","ENSG00000103056","HGNC:14240","SMPD3",5,1.47222427119633,461.424005324082,0.00523560209424084
"301","ENSG00000131759","HGNC:9864","RARA",5,1.38199064020999,6679.5768053074,0.005
"302","ENSG00000139631","HGNC:18966","CSAD",5,1.21007804264111,1377.34324418029,0.005
"303","ENSG00000185499","HGNC:7508","MUC1",5,1.16480847726423,30683.2049685445,0.005
"304","ENSG00000198400","HGNC:8031","NTRK1",5,0.711956650113037,33.7548042377046,0.005
"305","ENSG00000115325","HGNC:2990","DOK1",5,0.658719466002393,667.988039276234,0.005
"306","ENSG00000082512","HGNC:12035","TRAF5",5,0.637057702893857,1069.3710513799,0.005
"307","ENSG00000171345","HGNC:6436","KRT19",5,0.587522354563747,39590.6880971403,0.0153846153846154
"308","ENSG00000133121","HGNC:19164","STARD13",5,0.572935288124375,665.947168867207,0.005
"309","ENSG00000141582","HGNC:1554","CBX4",5,0.572409549817226,1897.33718921339,0.0352941176470588
"310","ENSG00000197283","HGNC:11497","SYNGAP1",5,0.444243328248446,489.247312073684,0.00704225352112676
"311","ENSG00000171552","HGNC:992","BCL2L1",5,0.311967604879345,1667.64242066086,0.00909090909090909
"312","ENSG00000149269","HGNC:8590","PAK1",5,0.309561159806525,1702.81697534769,0.025
"313","ENSG00000100201","HGNC:2740","DDX17",5,0.306507925299407,8933.51334141902,0.00588235294117647
"314","ENSG00000128271","HGNC:263","ADORA2A",5,0.304892472446341,11.0612400075854,0.00523560209424084
"315","ENSG00000104765","HGNC:1085","BNIP3L",5,0.289415218974852,1707.0644829236,0.00523560209424084
"316","ENSG00000134480","HGNC:1594","CCNH",5,0.286541869461808,496.729296543013,0.005
"317","ENSG00000107758","HGNC:9315","PPP3CB",5,0.273743494292245,816.678985787838,0.005
"318","ENSG00000198954","HGNC:23419","KIFBP",5,0.270503854845082,573.818241218999,0.0153846153846154
"319","ENSG00000185591","HGNC:11205","SP1",5,0.262510586173436,1862.28207973282,0.005
"320","ENSG00000166033","HGNC:9476","HTRA1",5,0.241683971244355,3593.800975666,0.0344827586206897
"321","ENSG00000129691","HGNC:744","ASH2L",5,0.23546635874874,1111.75776227052,0.005
"322","ENSG00000143801","HGNC:9509","PSEN2",5,0.228230920476879,401.931418510949,0.005
"323","ENSG00000130811","HGNC:3274","EIF3G",5,0.225188951993445,1325.24191954683,0.02
"324","ENSG00000131051","HGNC:15923","RBM39",5,0.22434637091332,2746.72007343261,0.005
"325","ENSG00000167967","HGNC:3121","E4F1",5,0.208801755638899,509.398795677427,0.005
"326","ENSG00000050748","HGNC:6886","MAPK9",5,0.208564893913265,728.219657134074,0.0153846153846154
"327","ENSG00000105402","HGNC:7641","NAPA",5,0.205966006417419,1219.84093983124,0.0157068062827225
"328","ENSG00000141644","HGNC:6916","MBD1",5,0.202823960847576,585.588091401562,0.005
"329","ENSG00000148356","HGNC:25135","LRSAM1",5,0.187099115638684,321.19501968348,0.0153846153846154
"330","ENSG00000011465","HGNC:2705","DCN",5,0.186596088378554,8851.99352195118,0.035
"331","ENSG00000106299","HGNC:12735","WASL",5,0.178448641105382,849.545468524111,0.005
"332","ENSG00000127054","HGNC:26052","INTS11",5,0.157117255562184,917.613254147849,0.025
"333","ENSG00000104852","HGNC:11150","SNRNP70",5,0.124635343388798,1580.87486465425,0.0319148936170213
"334","ENSG00000177963","HGNC:29550","RIC8A",5,0.118904052217238,818.83685541627,0.01
"335","ENSG00000157500","HGNC:24035","APPL1",5,0.114436871131352,671.432181296492,0.0461538461538462
"336","ENSG00000197111","HGNC:8648","PCBP2",5,0.10272398985698,1863.25786394749,0.0388888888888889
"337","ENSG00000023330","HGNC:396","ALAS1",5,-0.102390652616767,-328.359062678464,0.045
"338","ENSG00000005007","HGNC:9962","UPF1",5,-0.132539362068567,-1334.59503696161,0.03
"339","ENSG00000204469","HGNC:13918","PRRC2A",5,-0.175813871353468,-4581.28689005188,0.0176470588235294
"340","ENSG00000027697","HGNC:5439","IFNGR1",5,-0.179847624874366,-1095.99918867917,0.0366492146596859
"341","ENSG00000137822","HGNC:16691","TUBGCP4",5,-0.1890479858866,-243.034097785486,0.00909090909090909
"342","ENSG00000197122","HGNC:11283","SRC",5,-0.193810740966254,-880.945019384795,0.0261780104712042
"343","ENSG00000125733","HGNC:12304","TRIP10",5,-0.199760442581795,-572.146407385863,0.0461538461538462
"344","ENSG00000015475","HGNC:1050","BID",5,-0.226622750619411,-419.501585299571,0.0411764705882353
"345","ENSG00000137710","HGNC:9944","RDX",5,-0.2332421496408,-920.336535227228,0.02
"346","ENSG00000110031","HGNC:14061","LPXN",5,-0.303285583166584,-440.884379771971,0.0418848167539267
"347","ENSG00000113070","HGNC:3059","HBEGF",5,-0.303371163306988,-289.704388528354,0.0235294117647059
"348","ENSG00000125398","HGNC:11204","SOX9",5,-0.306271574470952,-2657.82643461571,0.0352941176470588
"349","ENSG00000184216","HGNC:6112","IRAK1",5,-0.307655568441891,-4395.73471792662,0.04
"350","ENSG00000087586","HGNC:11393","AURKA",5,-0.320850743639607,-605.164854935944,0.00588235294117647
"351","ENSG00000112242","HGNC:3115","E2F3",5,-0.322736740701317,-726.849805917252,0.0445859872611465
"352","ENSG00000108671","HGNC:9556","PSMD11",5,-0.341122114938621,-3404.96265219415,0.045
"353","ENSG00000198053","HGNC:9662","SIRPA",5,-0.347548558453318,-1674.7147091699,0.035
"354","ENSG00000104312","HGNC:10020","RIPK2",5,-0.371612106838146,-839.383769594697,0.025
"355","ENSG00000101224","HGNC:1726","CDC25B",5,-0.37695862161119,-2117.04077483856,0.025
"356","ENSG00000123609","HGNC:7854","NMI",5,-0.392515927555145,-1186.81605333756,0.0153846153846154
"357","ENSG00000163631","HGNC:399","ALB",4,63.9286626724151,5492.85684127081,0.005
"358","ENSG00000105695","HGNC:6783","MAG",4,14.7778100700164,116.427643780131,0.005
"359","ENSG00000125931","HGNC:1986","CITED1",4,6.66121574360559,334.589694478808,0.01
"360","ENSG00000034971","HGNC:7610","MYOC",4,6.4044504225163,211.300412589538,0.005
"361","ENSG00000188488","HGNC:8723","SERPINA5",4,6.0146162915096,4476.39814546789,0.005
"362","ENSG00000171560","HGNC:3661","FGA",4,3.47911959160172,217.475064583979,0.005
"363","ENSG00000196405","HGNC:20234","EVL",4,3.33674883895784,15616.3347821962,0.005
"364","ENSG00000124171","HGNC:16245","PARD6B",4,3.33611594497016,2476.94882937108,0.005
"365","ENSG00000118137","HGNC:600","APOA1",4,2.24191889551284,24.6634502811546,0.005
"366","ENSG00000104368","HGNC:9051","PLAT",4,2.08236808534206,7875.31707436491,0.00523560209424084
"367","ENSG00000184672","HGNC:27036","RALYL",4,1.93197574213466,21.8853776131808,0.03
"368","ENSG00000169047","HGNC:6125","IRS1",4,1.7467740453076,3268.81957725073,0.00523560209424084
"369","ENSG00000196277","HGNC:4599","GRM7",4,1.48335096438082,12.8472075018965,0.0117647058823529
"370","ENSG00000165140","HGNC:3606","FBP1",4,1.4295853727609,3567.30164040859,0.00523560209424084
"371","ENSG00000139625","HGNC:6851","MAP3K12",4,1.34184831009474,620.703414087858,0.00523560209424084
"372","ENSG00000180530","HGNC:8001","NRIP1",4,1.11826491627562,3888.91114345946,0.00591715976331361
"373","ENSG00000185551","HGNC:7976","NR2F2",4,0.795060418014104,3153.19756725061,0.00523560209424084
"374","ENSG00000125378","HGNC:1071","BMP4",4,0.768068484730689,419.656638318523,0.0209424083769634
"375","ENSG00000134508","HGNC:25097","CABLES1",4,0.530513933835102,877.164853907707,0.04
"376","ENSG00000169016","HGNC:3120","E2F6",4,0.495332682507308,257.806156267742,0.01
"377","ENSG00000175895","HGNC:20757","PLEKHF2",4,0.473534865537036,1689.77890073206,0.00892857142857143
"378","ENSG00000002834","HGNC:6513","LASP1",4,0.435703531007111,8394.06690076079,0.032520325203252
"379","ENSG00000161955","HGNC:11928","TNFSF13",4,0.431180507670915,258.961053172409,0.0153846153846154
"380","ENSG00000143416","HGNC:10719","SELENBP1",4,0.427055573301586,3367.18328358908,0.015
"381","ENSG00000005249","HGNC:9392","PRKAR2B",4,0.415436379448821,929.960089829303,0.01
"382","ENSG00000163482","HGNC:17209","STK36",4,0.412554407512177,685.883487109039,0.00704225352112676
"383","ENSG00000162889","HGNC:6887","MAPKAPK2",4,0.337786828291804,4279.97743931949,0.005
"384","ENSG00000175029","HGNC:2495","CTBP2",4,0.323792985223731,1829.85532221538,0.00531914893617021
"385","ENSG00000162735","HGNC:9713","PEX19",4,0.31650602538511,1536.35837205093,0.005
"386","ENSG00000137764","HGNC:6845","MAP2K5",4,0.302651311105804,264.76033136806,0.005
"387","ENSG00000140992","HGNC:8816","PDPK1",4,0.27940473613049,636.606282083353,0.00588235294117647
"388","ENSG00000189266","HGNC:23158","PNRC2",4,0.276818374410761,1077.38221637778,0.005
"389","ENSG00000104946","HGNC:25699","TBC1D17",4,0.276419280488308,683.679716031469,0.00523560209424084
"390","ENSG00000109771","HGNC:25434","LRP2BP",4,0.266191263631827,58.7024198482785,0.015
"391","ENSG00000103769","HGNC:9760","RAB11A",4,0.256671430560783,2534.24781230349,0.00591715976331361
"392","ENSG00000163932","HGNC:9399","PRKCD",4,0.245190078020821,1178.72875544031,0.00523560209424084
"393","ENSG00000237441","HGNC:9769","RGL2",4,0.240397210776978,1609.23615615103,0.005
"394","ENSG00000205531","HGNC:7640","NAP1L4",4,0.205454726788759,1617.24647374846,0.005
"395","ENSG00000065029","HGNC:13149","ZNF76",4,0.203004938605067,371.800968026984,0.0127388535031847
"396","ENSG00000090020","HGNC:11071","SLC9A1",4,0.192291935188656,869.917359347364,0.0461538461538462
"397","ENSG00000125651","HGNC:4652","GTF2F1",4,0.189504285117061,858.745273516503,0.00523560209424084
"398","ENSG00000078699","HGNC:1536","CBFA2T2",4,0.188722318720105,475.61533876364,0.01
"399","ENSG00000113716","HGNC:28982","HMGXB3",4,0.188577647709369,683.361231273105,0.01
"400","ENSG00000110696","HGNC:16990","C11orf58",4,0.179492479299496,1253.53573525326,0.0153846153846154
"401","ENSG00000109332","HGNC:12476","UBE2D3",4,0.151446266998176,1945.9618076744,0.005
"402","ENSG00000104529","HGNC:3211","EEF1D",4,0.147364455849683,1554.05831645039,0.0461538461538462
"403","ENSG00000152291","HGNC:15450","TGOLN2",4,0.14728014342688,2558.60080917576,0.0461538461538462
"404","ENSG00000121481","HGNC:10061","RNF2",4,0.144735589136434,244.259394343409,0.0414201183431953
"405","ENSG00000187778","HGNC:6960","MCRS1",4,0.123397979016389,349.302188207413,0.01
"406","ENSG00000119689","HGNC:2911","DLST",4,0.105130800344855,534.982981772883,0.04
"407","ENSG00000183020","HGNC:562","AP2A2",4,0.100945061908512,474.4422001894,0.03
"408","ENSG00000107560","HGNC:29152","RAB11FIP2",4,0.088743637259182,122.326131017927,0.0425531914893617
"409","ENSG00000131263","HGNC:13429","RLIM",4,-0.10570297672939,-498.381291281273,0.0235294117647059
"410","ENSG00000080815","HGNC:9508","PSEN1",4,-0.115722477946558,-739.376586137944,0.01
"411","ENSG00000114354","HGNC:11758","TFG",4,-0.150542830266502,-1192.52888855312,0.0261780104712042
"412","ENSG00000171720","HGNC:4854","HDAC3",4,-0.159989150543893,-615.339496535743,0.0307692307692308
"413","ENSG00000119729","HGNC:17736","RHOQ",4,-0.16163562034391,-541.427299955284,0.035
"414","ENSG00000164111","HGNC:543","ANXA5",4,-0.166580511423295,-3497.1751208053,0.005
"415","ENSG00000198055","HGNC:4545","GRK6",4,-0.167770535093457,-658.526798573617,0.045
"416","ENSG00000112033","HGNC:9235","PPARD",4,-0.196001102939131,-688.045588974067,0.0117647058823529
"417","ENSG00000100567","HGNC:9532","PSMA3",4,-0.196260457770921,-1535.73934767237,0.0261780104712042
"418","ENSG00000172819","HGNC:9866","RARG",4,-0.196415822581065,-888.592466866103,0.025
"419","ENSG00000169756","HGNC:6616","LIMS1",4,-0.202583638150551,-881.361150265671,0.005
"420","ENSG00000004975","HGNC:3086","DVL2",4,-0.203397288734701,-445.956628460324,0.00523560209424084
"421","ENSG00000168765","HGNC:4636","GSTM4",4,-0.24089053040448,-495.402903508485,0.0461538461538462
"422","ENSG00000018408","HGNC:24042","WWTR1",4,-0.249756333875636,-1378.27443046167,0.035
"423","ENSG00000051180","HGNC:9817","RAD51",4,-0.281911956516387,-189.290184029417,0.025
"424","ENSG00000164078","HGNC:7381","MST1R",4,-0.284798102271019,-519.974780765362,0.005
"425","ENSG00000168487","HGNC:1067","BMP1",4,-0.294042952843932,-1424.38493854858,0.0209424083769634
"426","ENSG00000159110","HGNC:5433","IFNAR2",4,-0.312502181664365,-380.597587049245,0.005
"427","ENSG00000152413","HGNC:17512","HOMER1",4,-0.318054678831215,-235.514906761094,0.005
"428","ENSG00000186951","HGNC:9232","PPARA",4,-0.351625516142119,-467.24983530126,0.005
"429","ENSG00000136717","HGNC:1052","BIN1",4,-0.360895626785427,-610.225343790111,0.0104712041884817
"430","ENSG00000135046","HGNC:533","ANXA1",4,-0.365854434558516,-6136.79451811593,0.0235294117647059
"431","ENSG00000142627","HGNC:3386","EPHA2",4,-0.368764838556558,-526.12908062586,0.0418848167539267
"432","ENSG00000071051","HGNC:7665","NCK2",4,-0.377138681131188,-1598.74332614374,0.00523560209424084
"433","ENSG00000088305","HGNC:2979","DNMT3B",4,-0.386555443529574,-292.591884414059,0.0209424083769634
"434","ENSG00000112715","HGNC:12680","VEGFA",4,-0.409632040688771,-4771.14756811832,0.025
"435","ENSG00000101057","HGNC:7548","MYBL2",4,-0.449087406041144,-2176.49587031064,0.0235294117647059
"436","ENSG00000184349","HGNC:3225","EFNA5",4,-0.544931312761722,-1220.58515602875,0.0478723404255319
"437","ENSG00000143013","HGNC:6644","LMO4",4,-0.545369076955216,-3636.26486638822,0.025
"438","ENSG00000078401","HGNC:3176","EDN1",4,-0.572173980483578,-843.946526303113,0.005
"439","ENSG00000115641","HGNC:3703","FHL2",4,-4.50349920432391,6506.02891095968,0.025
"440","ENSG00000132872","HGNC:11512","SYT4",3,53.4088830457457,259.270953400843,0.005
"441","ENSG00000118271","HGNC:12405","TTR",3,19.4699288887367,32.4350712063484,0.005
"442","ENSG00000077080","HGNC:160","ACTL6B",3,5.70688400425998,37.9176876778469,0.005
"443","ENSG00000152214","HGNC:10017","RIT2",3,4.20773784551128,2.65685288878937,0.005
"444","ENSG00000180616","HGNC:11331","SSTR2",3,2.60811741293491,1038.5900911001,0.005
"445","ENSG00000167751","HGNC:6363","KLK2",3,2.15620853455799,41.7497859361526,0.01
"446","ENSG00000109047","HGNC:9937","RCVRN",3,1.83456685374527,5.65098655876564,0.00523560209424084
"447","ENSG00000117154","HGNC:28246","IGSF21",3,1.58835389534005,463.305822458797,0.005
"448","ENSG00000102145","HGNC:4170","GATA1",3,1.47502762308228,4.99678047930108,0.01
"449","ENSG00000115461","HGNC:5474","IGFBP5",3,1.41360034414645,63175.4383150114,0.005
"450","ENSG00000127588","HGNC:14131","GNG13",3,1.14051605140843,42.3056206055757,0.005
"451","ENSG00000172602","HGNC:18314","RND1",3,1.13907242308407,725.086349175165,0.00909090909090909
"452","ENSG00000109472","HGNC:2303","CPE",3,1.09720801174037,4571.70246594753,0.0157068062827225
"453","ENSG00000011347","HGNC:11514","SYT7",3,1.06534747108551,3900.37942580576,0.005
"454","ENSG00000157613","HGNC:18856","CREB3L1",3,0.84160206361705,2495.16481044355,0.00523560209424084
"455","ENSG00000170345","HGNC:3796","FOS",3,0.836786543897889,9251.5258403967,0.00523560209424084
"456","ENSG00000136997","HGNC:7553","MYC",3,0.783637966801523,2562.34471445576,0.04
"457","ENSG00000120500","HGNC:710","ARR3",3,0.777622627436257,13.2617445423073,0.005
"458","ENSG00000120129","HGNC:3064","DUSP1",3,0.714211969614613,4821.36880593008,0.00523560209424084
"459","ENSG00000170421","HGNC:6446","KRT8",3,0.706290056082968,34121.4073637334,0.0153846153846154
"460","ENSG00000115290","HGNC:4565","GRB14",3,0.70041417145505,292.613661655467,0.0218579234972678
"461","ENSG00000173581","HGNC:30181","CCDC106",3,0.699910601813381,660.741503496665,0.0153846153846154
"462","ENSG00000175745","HGNC:7975","NR2F1",3,0.677057982276577,683.628191136524,0.0157068062827225
"463","ENSG00000112214","HGNC:17371","FHL5",3,0.63766797375669,37.2024935726721,0.00523560209424084
"464","ENSG00000109062","HGNC:11075","SLC9A3R1",3,0.637622028128211,13516.9538666155,0.00523560209424084
"465","ENSG00000120738","HGNC:3238","EGR1",3,0.626496907146343,7553.47788931751,0.00591715976331361
"466","ENSG00000224389","HGNC:1324","C4B",3,0.624663709493617,2136.60861415095,0.00523560209424084
"467","ENSG00000083838","HGNC:21036","ZNF446",3,0.615066665837743,322.596937201547,0.005
"468","ENSG00000196396","HGNC:9642","PTPN1",3,0.561555777281576,2727.65357185159,0.00523560209424084
"469","ENSG00000107281","HGNC:7899","NPDC1",3,0.511909685430568,2837.49142776259,0.0261780104712042
"470","ENSG00000136436","HGNC:29912","CALCOCO2",3,0.47652283614606,2435.78887544533,0.040650406504065
"471","ENSG00000162924","HGNC:9954","REL",3,0.420012370870154,407.509324222268,0.00523560209424084
"472","ENSG00000186350","HGNC:10477","RXRA",3,0.365919504487992,2501.97050553429,0.00909090909090909
"473","ENSG00000138376","HGNC:952","BARD1",3,0.333834396171622,233.872798120261,0.031413612565445
"474","ENSG00000157873","HGNC:11912","TNFRSF14",3,0.323005592712628,887.160784211351,0.005
"475","ENSG00000165806","HGNC:1508","CASP7",3,0.31413854364573,616.707870094109,0.0153846153846154
"476","ENSG00000198625","HGNC:6974","MDM4",3,0.309688520996029,825.806913793824,0.0117647058823529
"477","ENSG00000114062","HGNC:12496","UBE3A",3,0.293900587290362,1457.24949008698,0.005
"478","ENSG00000125166","HGNC:4433","GOT2",3,0.29172822041195,1668.98893054289,0.0117647058823529
"479","ENSG00000102981","HGNC:15943","PARD6A",3,0.288385936090384,102.528849689274,0.028169014084507
"480","ENSG00000123411","HGNC:13179","IKZF4",3,0.28700897475679,153.78712415358,0.005
"481","ENSG00000015171","HGNC:16966","ZMYND11",3,0.260032873333166,1510.83110163585,0.005
"482","ENSG00000073969","HGNC:8016","NSF",3,0.252816198718261,716.39388040405,0.0153846153846154
"483","ENSG00000072135","HGNC:9649","PTPN18",3,0.250316151249691,1210.89548331604,0.00588235294117647
"484","ENSG00000100614","HGNC:9275","PPM1A",3,0.229544025333307,1372.92704004447,0.005
"485","ENSG00000101811","HGNC:2484","CSTF2",3,0.216427904631341,217.486234311804,0.0335195530726257
"486","ENSG00000150455","HGNC:17192","TIRAP",3,0.216044668083779,107.511133055371,0.0344827586206897
"487","ENSG00000104936","HGNC:2933","DMPK",3,0.21037048160137,372.284295808508,0.03
"488","ENSG00000266412","HGNC:7671","NCOA4",3,0.19540285287385,2124.756386335,0.0153846153846154
"489","ENSG00000172977","HGNC:5275","KAT5",3,0.186045556776515,300.634836260622,0.005
"490","ENSG00000064961","HGNC:5002","HMG20B",3,0.185853412836045,1349.25427118619,0.015
"491","ENSG00000101966","HGNC:592","XIAP",3,0.185376558522354,743.002135077852,0.00892857142857143
"492","ENSG00000105443","HGNC:9502","CYTH2",3,0.176288233448556,903.887503754231,0.01
"493","ENSG00000120696","HGNC:25266","KBTBD7",3,0.172176840554071,133.074297136014,0.0411764705882353
"494","ENSG00000015479","HGNC:6912","MATR3",3,0.168605579021084,83.1760686778479,0.0352941176470588
"495","ENSG00000140943","HGNC:15456","MBTPS1",3,0.165690567999048,1414.74594388603,0.0153846153846154
"496","ENSG00000167461","HGNC:7007","RAB8A",3,0.138264978661279,363.929479583673,0.0157068062827225
"497","ENSG00000171148","HGNC:19422","TADA3",3,0.134062979621023,723.583478921601,0.0307692307692308
"498","ENSG00000138029","HGNC:4803","HADHB",3,0.121323830080187,928.685701759267,0.02
"499","ENSG00000119048","HGNC:12473","UBE2B",3,0.117134202623034,389.599585709565,0.04
"500","ENSG00000205302","HGNC:11173","SNX2",3,0.114651330500107,417.164135638429,0.0366492146596859
"501","ENSG00000011243","HGNC:29857","AKAP8L",3,0.105839910410066,288.427777830444,0.0372340425531915
"502","ENSG00000070831","HGNC:1736","CDC42",3,0.105750523643423,1441.92322583864,0.0454545454545455
"503","ENSG00000080802","HGNC:7880","CNOT4",3,-0.0910456602960359,-153.671964314394,0.0261780104712042
"504","ENSG00000132906","HGNC:1511","CASP9",3,-0.127178101499458,-138.609231334418,0.015
"505","ENSG00000168067","HGNC:6864","MAP4K2",3,-0.134595152163672,-227.290775640602,0.04
"506","ENSG00000204304","HGNC:8633","PBX2",3,-0.14350119186826,-617.737265420521,0.0422535211267606
"507","ENSG00000163041","HGNC:4764","H3-3A",3,-0.172243748462299,-610.316331069272,0.0292397660818713
"508","ENSG00000097033","HGNC:10833","SH3GLB1",3,-0.176855390039032,-1427.54769932561,0.005
"509","ENSG00000166598","HGNC:12028","HSP90B1",3,-0.181738500561522,-10709.8674908052,0.00531914893617021
"510","ENSG00000149091","HGNC:2857","DGKZ",3,-0.187721163187162,-1300.41620802055,0.035
"511","ENSG00000172115","HGNC:19986","CYCS",3,-0.205212671180189,-1386.73468432111,0.045
"512","ENSG00000150753","HGNC:1618","CCT5",3,-0.209022217812909,-3002.21205574807,0.02
"513","ENSG00000099204","HGNC:78","ABLIM1",3,-0.211250970048726,-1684.75748401326,0.0461538461538462
"514","ENSG00000123159","HGNC:1226","GIPC1",3,-0.213150409700104,-1590.80163552063,0.025
"515","ENSG00000151694","HGNC:195","ADAM17",3,-0.21634523898728,-459.284206560571,0.035
"516","ENSG00000100320","HGNC:9906","RBFOX2",3,-0.216672913204544,-1362.49005696619,0.0153846153846154
"517","ENSG00000056972","HGNC:1343","TRAF3IP2",3,-0.219539723697278,-577.88065716292,0.025
"518","ENSG00000030110","HGNC:949","BAK1",3,-0.231317279831331,-390.715793572858,0.02
"519","ENSG00000164402","HGNC:16511","SEPTIN8",3,-0.232050843972514,-1662.92166232175,0.0181818181818182
"520","ENSG00000091073","HGNC:15973","DTX2",3,-0.23671188871685,-378.833351080866,0.025
"521","ENSG00000140848","HGNC:2315","CPNE2",3,-0.281633080949987,-557.222917469539,0.0209424083769634
"522","ENSG00000176105","HGNC:12841","YES1",3,-0.291934730464414,-1535.38939023468,0.0157068062827225
"523","ENSG00000143977","HGNC:11163","SNRPG",3,-0.295881078802032,-793.912066362885,0.00719424460431655
"524","ENSG00000198805","HGNC:7892","PNP",3,-0.335556962378603,-1289.7616269464,0.00523560209424084
"525","ENSG00000104825","HGNC:7798","NFKBIB",3,-0.34337553356854,-558.037994837984,0.01
"526","ENSG00000166484","HGNC:6880","MAPK7",3,-0.348479211753391,-549.436514377375,0.005
"527","ENSG00000071539","HGNC:12307","TRIP13",3,-0.442549649414481,-742.439746634998,0.00588235294117647
"528","ENSG00000160999","HGNC:17381","SH2B2",3,-0.444165583902159,-264.494581534069,0.005
"529","ENSG00000080986","HGNC:16909","NDC80",3,-0.470854727915967,-586.114833077119,0.00523560209424084
"530","ENSG00000105810","HGNC:1777","CDK6",3,-0.524885059667404,-1795.91232916524,0.0211267605633803
"531","ENSG00000105926","HGNC:18167","PALS2",3,-0.557042825067686,-540.320410248564,0.00588235294117647
"532","ENSG00000163235","HGNC:11765","TGFA",3,-0.587881590463796,-648.424343032526,0.0209424083769634
"533","ENSG00000131773","HGNC:18117","KHDRBS3",3,-0.608913056015569,-830.537752876285,0.00531914893617021
"534","ENSG00000204175","HGNC:23730","GPRIN2",3,-0.691380212997387,-251.832830673474,0.0461538461538462
"535","ENSG00000170091","HGNC:24955","NSG2",2,70.1576712167629,532.78697044027,0.005
"536","ENSG00000174827","HGNC:8821","PDZK1",2,25.5106981222748,1457.06650938457,0.005
"537","ENSG00000144891","HGNC:336","AGTR1",2,19.4430844224116,1745.82256562513,0.005
"538","ENSG00000067715","HGNC:11509","SYT1",2,12.6139235504275,2303.44715899022,0.005
"539","ENSG00000124249","HGNC:13814","KCNK15",2,10.9336510250385,1506.03984340645,0.005
"540","ENSG00000159409","HGNC:11967","CELF3",2,7.3899794632478,60.3398021224735,0.005
"541","ENSG00000111052","HGNC:17787","LIN7A",2,2.14793552054084,679.90554164729,0.00523560209424084
"542","ENSG00000104267","HGNC:1373","CA2",2,1.64068066683076,2347.07552863807,0.01
"543","ENSG00000166225","HGNC:16971","FRS2",2,1.46602438652841,3674.32256929753,0.0153846153846154
"544","ENSG00000185630","HGNC:8632","PBX1",2,1.37291324304159,12253.5438214608,0.0153846153846154
"545","ENSG00000141293","HGNC:15605","SKAP1",2,1.34881897240801,662.215074141657,0.005
"546","ENSG00000181788","HGNC:10858","SIAH2",2,1.119352109094,4113.2559427754,0.00588235294117647
"547","ENSG00000184845","HGNC:3020","DRD1",2,1.089739663744,21.0210764474917,0.01
"548","ENSG00000168148","HGNC:4778","H3-4",2,1.08281691220856,1.47920534920882,0.015
"549","ENSG00000072310","HGNC:11289","SREBF1",2,1.03941309705417,11063.0963223788,0.00523560209424084
"550","ENSG00000134363","HGNC:3971","FST",2,0.99447414302936,740.533794338792,0.005
"551","ENSG00000078900","HGNC:12003","TP73",2,0.975344039861246,227.662336384617,0.005
"552","ENSG00000101439","HGNC:2475","CST3",2,0.954665749257674,9544.71684366863,0.005
"553","ENSG00000138795","HGNC:6551","LEF1",2,0.887415731374923,845.811169683756,0.005
"554","ENSG00000120094","HGNC:5111","HOXB1",2,0.885262020093188,8.10428447360742,0.045
"555","ENSG00000135679","HGNC:6973","MDM2",2,0.835538594062607,2829.20182675133,0.0153846153846154
"556","ENSG00000113494","HGNC:9446","PRLR",2,0.776031658569791,6580.73312362832,0.00591715976331361
"557","ENSG00000179841","HGNC:375","AKAP5",2,0.767707322699606,373.879614039588,0.005
"558","ENSG00000075891","HGNC:8616","PAX2",2,0.743739413583645,72.750109568458,0.005
"559","ENSG00000064835","HGNC:9210","POU1F1",2,0.696453347212536,1.32253759140673,0.015
"560","ENSG00000134107","HGNC:1046","BHLHE40",2,0.605237999312078,13213.0356469154,0.0366492146596859
"561","ENSG00000213088","HGNC:4035","ACKR1",2,0.588234206496096,669.129996752467,0.005
"562","ENSG00000152804","HGNC:4901","HHEX",2,0.544636315747088,222.34143923653,0.005
"563","ENSG00000150594","HGNC:281","ADRA2A",2,0.519486754463771,547.158195932787,0.00704225352112676
"564","ENSG00000092010","HGNC:9568","PSME1",2,0.451336740493542,3820.83737670112,0.0050761421319797
"565","ENSG00000138175","HGNC:694","ARL3",2,0.427074694894196,776.07672215959,0.00531914893617021
"566","ENSG00000163110","HGNC:17468","PDLIM5",2,0.396147728932696,4045.28231476026,0.01
"567","ENSG00000183283","HGNC:2684","DAZAP2",2,0.379706609127092,5103.70025633818,0.0153846153846154
"568","ENSG00000141905","HGNC:7786","NFIC",2,0.372437511939448,3787.06793202519,0.00523560209424084
"569","ENSG00000116604","HGNC:6997","MEF2D",2,0.366881077011393,1683.68764324891,0.005
"570","ENSG00000137842","HGNC:26269","TMEM62",2,0.349464863490597,600.209941696792,0.0272727272727273
"571","ENSG00000132535","HGNC:2903","DLG4",2,0.338519654841851,256.612681591249,0.01
"572","ENSG00000130222","HGNC:4097","GADD45G",2,0.334564892033738,296.127403967492,0.045
"573","ENSG00000177885","HGNC:4566","GRB2",2,0.315245497469514,3457.01295456465,0.0153846153846154
"574","ENSG00000127337","HGNC:24859","YEATS4",2,0.312187745880973,268.218509473347,0.00588235294117647
"575","ENSG00000113387","HGNC:19985","SUB1",2,0.303022738819629,4732.02926234123,0.0470588235294118
"576","ENSG00000061273","HGNC:14067","HDAC7",2,0.302886186665244,1464.21459359768,0.0153846153846154
"577","ENSG00000220205","HGNC:12643","VAMP2",2,0.275873976871707,1038.59451741241,0.005
"578","ENSG00000165804","HGNC:13011","ZNF219",2,0.275870162452692,301.894432059514,0.01
"579","ENSG00000163703","HGNC:14630","CRELD1",2,0.268774290420653,464.398718944523,0.0153846153846154
"580","ENSG00000100461","HGNC:20155","RBM23",2,0.265207983320898,1067.33385409211,0.005
"581","ENSG00000149179","HGNC:28720","C11orf49",2,0.264511015177212,405.757315936503,0.005
"582","ENSG00000113140","HGNC:11219","SPARC",2,0.263799248735384,33215.6400864049,0.005
"583","ENSG00000102882","HGNC:6877","MAPK3",2,0.239085079459104,1033.98376833092,0.00588235294117647
"584","ENSG00000103479","HGNC:9894","RBL2",2,0.237310781335314,868.732612112766,0.00909090909090909
"585","ENSG00000085365","HGNC:10563","SCAMP1",2,0.225770312424925,1182.95563132543,0.015
"586","ENSG00000074319","HGNC:15971","TSG101",2,0.218876785013252,818.970635458844,0.0153846153846154
"587","ENSG00000130340","HGNC:14973","SNX9",2,0.216517494264547,1120.89674939654,0.00523560209424084
"588","ENSG00000177082","HGNC:25928","WDR73",2,0.215514691977147,77.0041827950562,0.0235294117647059
"589","ENSG00000066027","HGNC:9309","PPP2R5A",2,0.214022086710293,1111.87756671946,0.04
"590","ENSG00000166949","HGNC:6769","SMAD3",2,0.209179071679724,736.151273745762,0.0176470588235294
"591","ENSG00000175220","HGNC:673","ARHGAP1",2,0.196760314501236,2031.60544753474,0.0153846153846154
"592","ENSG00000113575","HGNC:9299","PPP2CA",2,0.173538863704998,1438.11209110021,0.00523560209424084
"593","ENSG00000156052","HGNC:4390","GNAQ",2,0.171581876637338,858.485807283377,0.005
"594","ENSG00000179010","HGNC:24549","MRFAP1",2,0.165611385598448,3034.87497119641,0.00523560209424084
"595","ENSG00000185129","HGNC:9701","PURA",2,0.158167041369197,464.2033082205,0.0153846153846154
"596","ENSG00000197045","HGNC:4373","GMFB",2,0.155778920551918,583.12979697132,0.00588235294117647
"597","ENSG00000155508","HGNC:9207","CNOT8",2,0.144351332822521,579.17340667147,0.0307692307692308
"598","ENSG00000101199","HGNC:15852","ARFGAP1",2,0.138797899575594,956.559709672539,0.04
"599","ENSG00000273841","HGNC:11542","TAF9",2,0.12648794255973,277.572712785157,0.0470588235294118
"600","ENSG00000114030","HGNC:6394","KPNA1",2,0.106434003558757,315.878854485344,0.045
"601","ENSG00000100603","HGNC:16696","SNW1",2,0.102219892334936,424.471816268382,0.0294117647058824
"602","ENSG00000168291","HGNC:8808","PDHB",2,0.0860424797058924,302.499349620476,0.045
"603","ENSG00000077721","HGNC:12472","UBE2A",2,-0.110161827919297,-489.632218539852,0.045
"604","ENSG00000124356","HGNC:16950","STAMBP",2,-0.113750344610297,-348.685341286235,0.0470588235294118
"605","ENSG00000065135","HGNC:4387","GNAI3",2,-0.121263869385078,-867.284233921588,0.035
"606","ENSG00000138069","HGNC:9758","RAB1A",2,-0.125024050819274,-1430.5080769025,0.005
"607","ENSG00000185651","HGNC:12488","UBE2L3",2,-0.126482721059156,-801.150260671432,0.0492957746478873
"608","ENSG00000125753","HGNC:12652","VASP",2,-0.129687130604971,-985.883819526396,0.0418848167539267
"609","ENSG00000004142","HGNC:23781","POLDIP2",2,-0.131908223466659,-1215.84091712166,0.0412371134020619
"610","ENSG00000117751","HGNC:9296","PPP1R8",2,-0.132804535871927,-413.879249334226,0.0307692307692308
"611","ENSG00000149923","HGNC:9319","PPP4C",2,-0.133714547713144,-1144.81756836686,0.0176470588235294
"612","ENSG00000161057","HGNC:9548","PSMC2",2,-0.149123185724395,-901.953194031954,0.03
"613","ENSG00000112531","HGNC:21100","QKI",2,-0.150584864169252,-1126.47673980861,0.0411764705882353
"614","ENSG00000170027","HGNC:12852","YWHAG",2,-0.160979491799746,-2490.96945327913,0.005
"615","ENSG00000090487","HGNC:20373","SPG21",2,-0.164025683206923,-1102.85850338015,0.00591715976331361
"616","ENSG00000158769","HGNC:14685","F11R",2,-0.167266706814214,-1942.92250681263,0.04
"617","ENSG00000106144","HGNC:1503","CASP2",2,-0.17731362673488,-708.790193193839,0.0307692307692308
"618","ENSG00000133997","HGNC:19970","MED6",2,-0.178769591968987,-321.661941299843,0.0254777070063694
"619","ENSG00000197798","HGNC:26110","FAM118B",2,-0.18158755457793,-153.209151881624,0.0461538461538462
"620","ENSG00000143384","HGNC:6943","MCL1",2,-0.183396963237262,-6486.76224401988,0.01
"621","ENSG00000138794","HGNC:1507","CASP6",2,-0.189614940765306,-413.670154222543,0.04
"622","ENSG00000137713","HGNC:9303","PPP2R1B",2,-0.196625961696184,-449.405625334472,0.00523560209424084
"623","ENSG00000134308","HGNC:12854","YWHAQ",2,-0.219331018069245,-5061.33130488963,0.0277777777777778
"624","ENSG00000115946","HGNC:32790","PNO1",2,-0.220583483124821,-422.820345321483,0.00704225352112676
"625","ENSG00000065427","HGNC:6215","KARS1",2,-0.228142835773316,-2075.62480380667,0.00636942675159236
"626","ENSG00000159479","HGNC:19971","MED8",2,-0.233254588162717,-688.657456881678,0.005
"627","ENSG00000072401","HGNC:12474","UBE2D1",2,-0.233455569377038,-469.598292904966,0.02
"628","ENSG00000108010","HGNC:15987","GLRX3",2,-0.240765334725055,-781.253078323083,0.00523560209424084
"629","ENSG00000196591","HGNC:4853","HDAC2",2,-0.248774555174485,-1938.97132746317,0.0470588235294118
"630","ENSG00000158092","HGNC:7664","NCK1",2,-0.25191306978139,-741.431948712489,0.025
"631","ENSG00000025156","HGNC:5225","HSF2",2,-0.252315407217463,-297.1246157224,0.005
"632","ENSG00000197265","HGNC:4651","GTF2E2",2,-0.26766969124276,-584.786830083711,0.005
"633","ENSG00000221823","HGNC:9317","PPP3R1",2,-0.268224022804053,-1566.69571819235,0.00523560209424084
"634","ENSG00000188486","HGNC:4739","H2AX",2,-0.288215038877782,-1140.62431407633,0.005
"635","ENSG00000122861","HGNC:9052","PLAU",2,-0.298265025324283,-2447.96676375824,0.035
"636","ENSG00000116455","HGNC:29652","WDR77",2,-0.305857969879193,-634.74595807834,0.00719424460431655
"637","ENSG00000104689","HGNC:11904","TNFRSF10A",2,-0.328465737221692,-310.50581356548,0.00523560209424084
"638","ENSG00000123131","HGNC:17169","PRDX4",2,-0.333431695723249,-2250.11945676288,0.00531914893617021
"639","ENSG00000115884","HGNC:10658","SDC1",2,-0.350469210315113,-16896.6084123173,0.00523560209424084
"640","ENSG00000239857","HGNC:21690","GET4",2,-0.36594440945673,-176.32647162463,0.0344827586206897
"641","ENSG00000137193","HGNC:8986","PIM1",2,-0.371677043662887,-996.785255781973,0.0425531914893617
"642","ENSG00000101400","HGNC:11167","SNTA1",2,-0.376165010904761,-729.536911879553,0.005
"643","ENSG00000011422","HGNC:9053","PLAUR",2,-0.390865486619891,-1330.50795107899,0.0307692307692308
"644","ENSG00000170035","HGNC:12479","UBE2E3",2,-0.41436630800757,-1325.37401834101,0.00523560209424084
"645","ENSG00000165030","HGNC:7787","NFIL3",2,-0.438674853923794,-978.039218895599,0.005
"646","ENSG00000127955","HGNC:4384","GNAI1",2,-0.439861747969351,-475.582886246764,0.005
"647","ENSG00000197747","HGNC:10487","S100A10",2,-0.444447347309988,-7683.42192646133,0.005
"648","ENSG00000117399","HGNC:1723","CDC20",2,-0.450891804440062,-1355.71883251426,0.00584795321637427
"649","ENSG00000007968","HGNC:3114","E2F2",2,-0.479263529585495,-456.816419363461,0.0471204188481675
"650","ENSG00000105991","HGNC:5099","HOXA1",2,-0.505637538973826,-40.3325905407256,0.005
"651","ENSG00000033327","HGNC:14458","GAB2",2,-0.548668192878772,-4045.79780500926,0.005
"652","ENSG00000258947","HGNC:20772","TUBB3",2,-0.586311382992482,-356.585982631508,0.015
"653","ENSG00000100302","HGNC:18229","RASD2",2,-0.653247696601752,-1882.83829552652,0.025
"654","ENSG00000204531","HGNC:9221","POU5F1",2,-0.717373472555559,-78.7928692642508,0.0159574468085106
"655","ENSG00000169429","HGNC:6025","CXCL8",2,-0.733286577100732,-809.179888642629,0.04
"656","ENSG00000139352","HGNC:738","ASCL1",1,30.415923131327,413.950593323034,0.005
"657","ENSG00000133636","HGNC:8038","NTS",1,29.5472609672356,1833.37456875253,0.005
"658","ENSG00000113739","HGNC:11374","STC2",1,12.7361731499513,39034.6709204226,0.005
"659","ENSG00000006128","HGNC:11517","TAC1",1,10.8348071129068,47.1827233935917,0.005
"660","ENSG00000129170","HGNC:2472","CSRP3",1,5.78608032146377,2.97451770150446,0.005
"661","ENSG00000164591","HGNC:18565","MYOZ3",1,3.78897091065405,119.187018963591,0.005
"662","ENSG00000122585","HGNC:7955","NPY",1,2.85544771512483,34.720196095176,0.005
"663","ENSG00000136574","HGNC:4173","GATA4",1,2.00698774825747,70.8911775273819,0.005
"664","ENSG00000110092","HGNC:1582","CCND1",1,1.67705072324348,28330.722350396,0.00523560209424084
"665","ENSG00000150687","HGNC:14370","PRSS23",1,1.37952659396332,10136.0574929229,0.00523560209424084
"666","ENSG00000137486","HGNC:711","ARRB1",1,1.20797339172557,1543.69103912797,0.00523560209424084
"667","ENSG00000129993","HGNC:1537","CBFA2T3",1,1.1544298778314,716.748068802118,0.00523560209424084
"668","ENSG00000114737","HGNC:1984","CISH",1,1.04575617592101,2120.54190923747,0.00523560209424084
"669","ENSG00000141682","HGNC:9108","PMAIP1",1,0.603526903305751,406.517741074181,0.00531914893617021
"670","ENSG00000064300","HGNC:7809","NGFR",1,0.518052463770864,489.837155345031,0.045
"671","ENSG00000102878","HGNC:5227","HSF4",1,0.495802082887428,247.463101153151,0.005
"672","ENSG00000124762","HGNC:1784","CDKN1A",1,0.345053899686255,1702.81994948335,0.0157068062827225
"673","ENSG00000156127","HGNC:958","BATF",1,0.326449761812324,210.791814902488,0.04
"674","ENSG00000086065","HGNC:26942","CHMP5",1,0.292049367609534,1086.89849947853,0.00523560209424084
"675","ENSG00000113558","HGNC:10899","SKP1",1,0.277332290404769,3854.52662126177,0.0153846153846154
"676","ENSG00000117984","HGNC:2529","CTSD",1,0.271932012125095,19124.036621915,0.0153846153846154
"677","ENSG00000205581","HGNC:4984","HMGN1",1,0.271002028902761,2363.24619667306,0.0157068062827225
"678","ENSG00000176903","HGNC:9158","PNMA1",1,0.250144406048707,591.864221665357,0.00591715976331361
"679","ENSG00000103490","HGNC:16608","PYCARD",1,0.244348550721228,681.122015839387,0.04
"680","ENSG00000002330","HGNC:936","BAD",1,0.21415395287986,348.084598993195,0.0157068062827225
"681","ENSG00000164615","HGNC:1471","CAMLG",1,0.205818597824559,460.36601197107,0.005
"682","ENSG00000166135","HGNC:17113","HIF1AN",1,0.203411704665868,751.33639756924,0.00523560209424084
"683","ENSG00000111652","HGNC:16758","COPS7A",1,0.20248015249258,873.462185512234,0.0157068062827225
"684","ENSG00000151247","HGNC:3287","EIF4E",1,0.201292540397557,329.372407611716,0.00523560209424084
"685","ENSG00000137312","HGNC:3757","FLOT1",1,0.197364238564397,2259.8732010012,0.0167597765363128
"686","ENSG00000214063","HGNC:11859","TSPAN4",1,0.190370597082668,544.607230988453,0.0307692307692308
"687","ENSG00000113658","HGNC:6771","SMAD5",1,0.17145579186413,887.762566090213,0.0153846153846154
"688","ENSG00000133112","HGNC:12022","TPT1",1,0.166187659256738,19495.5826426554,0.0471204188481675
"689","ENSG00000177425","HGNC:8614","PAWR",1,0.148844860750933,812.36830742091,0.035
"690","ENSG00000100650","HGNC:10787","SRSF5",1,0.135212004413639,1293.50186465895,0.0157068062827225
"691","ENSG00000138663","HGNC:16702","COPS4",1,0.125285169435291,257.397908115841,0.015
"692","ENSG00000103415","HGNC:5014","HMOX2",1,-0.124961440457302,-443.315743332574,0.0471204188481675
"693","ENSG00000167193","HGNC:2362","CRK",1,-0.133049096217572,-723.496211653038,0.00588235294117647
"694","ENSG00000144231","HGNC:9191","POLR2D",1,-0.135516170192669,-381.178670412823,0.00588235294117647
"695","ENSG00000115806","HGNC:17500","GORASP2",1,-0.14620689749287,-1311.91435108441,0.03
"696","ENSG00000205250","HGNC:3118","E2F4",1,-0.153527562845426,-467.235538008466,0.0117647058823529
"697","ENSG00000137947","HGNC:4648","GTF2B",1,-0.158304167160267,-271.312106372981,0.03
"698","ENSG00000108518","HGNC:8881","PFN1",1,-0.159403050369601,-5545.97868437398,0.0117647058823529
"699","ENSG00000131462","HGNC:12417","TUBG1",1,-0.163522199406558,-519.279884407359,0.0366492146596859
"700","ENSG00000120889","HGNC:11905","TNFRSF10B",1,-0.173657235134606,-473.423243295866,0.035
"701","ENSG00000070423","HGNC:21151","RNF126",1,-0.178565828718085,-427.146983876641,0.015
"702","ENSG00000114745","HGNC:16769","GORASP1",1,-0.183245545967712,-712.803124126697,0.00909090909090909
"703","ENSG00000107779","HGNC:1076","BMPR1A",1,-0.195245163040043,-447.867880221653,0.0307692307692308
"704","ENSG00000166794","HGNC:9255","PPIB",1,-0.208249536793281,-3011.74410389398,0.005
"705","ENSG00000064995","HGNC:11544","TAF11",1,-0.212849488918728,-527.983955215304,0.0140845070422535
"706","ENSG00000116717","HGNC:4095","GADD45A",1,-0.222078631751094,-427.206515281043,0.0319148936170213
"707","ENSG00000142864","HGNC:17860","SERBP1",1,-0.227171012615097,-4227.16741797525,0.025
"708","ENSG00000196954","HGNC:1505","CASP4",1,-0.235227333358796,-636.924139337391,0.0366492146596859
"709","ENSG00000198791","HGNC:14101","CNOT7",1,-0.241263778927911,-2044.52422430015,0.024390243902439
"710","ENSG00000164167","HGNC:17017","LSM6",1,-0.242436222279341,-169.174292075375,0.005
"711","ENSG00000105404","HGNC:9794","RABAC1",1,-0.244324337056292,-2080.01149515794,0.005
"712","ENSG00000028839","HGNC:11589","TBPL1",1,-0.244957558065061,-199.167616387117,0.0212765957446809
"713","ENSG00000112312","HGNC:17493","GMNN",1,-0.245547131084773,-290.114442295221,0.0473372781065089
"714","ENSG00000158796","HGNC:2755","DEDD",1,-0.248615625299696,-916.361562359894,0.00584795321637427
"715","ENSG00000242372","HGNC:6159","EIF6",1,-0.250755877861698,-2156.74710923632,0.00636942675159236
"716","ENSG00000100297","HGNC:6948","MCM5",1,-0.255485790541775,-935.696061739678,0.0117647058823529
"717","ENSG00000006634","HGNC:17364","DBF4",1,-0.282604238360917,-288.912264249773,0.00588235294117647
"718","ENSG00000155368","HGNC:2690","DBI",1,-0.312943375906393,-4146.57304937427,0.03
"719","ENSG00000123080","HGNC:1789","CDKN2C",1,-0.313764097620868,-459.52287439179,0.0425531914893617
"720","ENSG00000132964","HGNC:1779","CDK8",1,-0.315303247787751,-348.980685412296,0.00588235294117647
"721","ENSG00000146232","HGNC:7799","NFKBIE",1,-0.327838331553178,-551.951831854413,0.0153846153846154
"722","ENSG00000176749","HGNC:1775","CDK5R1",1,-0.334085067795417,-186.476299098743,0.045
"723","ENSG00000171867","HGNC:9449","PRNP",1,-0.338939769035533,-2454.59555258451,0.015
"724","ENSG00000051128","HGNC:17514","HOMER3",1,-0.340579668490516,-847.221233850458,0.035
"725","ENSG00000125249","HGNC:9861","RAP2A",1,-0.376103005490907,-1812.31608238961,0.00588235294117647
"726","ENSG00000164045","HGNC:1725","CDC25A",1,-0.405431917222034,-252.384878156026,0.0292397660818713
"727","ENSG00000074800","HGNC:3350","ENO1",1,-0.419246531742717,-31067.6084572614,0.005
"728","ENSG00000149554","HGNC:1925","CHEK1",1,-0.45663108536922,-634.397438355168,0.00523560209424084
"729","ENSG00000127824","HGNC:12407","TUBA4A",1,-0.476023144452283,-1956.03853319075,0.0411764705882353
"730","ENSG00000187840","HGNC:3288","EIF4EBP1",1,-0.561127836220613,-5061.15666903465,0.00704225352112676
"731","ENSG00000075618","HGNC:11148","FSCN1",1,-0.561889804034415,-6442.1311358543,0.0176470588235294
"732","ENSG00000196415","HGNC:9495","PRTN3",0,5.85216291921129,25.0904666739975,0.005
"733","ENSG00000159388","HGNC:1131","BTG2",0,2.99864235182222,17500.7874333447,0.00523560209424084
"734","ENSG00000043591","HGNC:285","ADRB1",0,2.21357556412946,75.8229424740131,0.0177514792899408
"735","ENSG00000171791","HGNC:990","BCL2",0,1.76609310867919,3633.79245919452,0.005
"736","ENSG00000135423","HGNC:29570","GLS2",0,1.4146060289851,28.1352930270985,0.00591715976331361
"737","ENSG00000196136","HGNC:16","SERPINA3",0,1.34475412662835,356.056324717266,0.00546448087431694
"738","ENSG00000174697","HGNC:6553","LEP",0,0.87159631705731,181.774182650864,0.005
"739","ENSG00000185187","HGNC:30575","SIGIRR",0,0.712572521985927,1608.82672933415,0.0153846153846154
"740","ENSG00000107262","HGNC:937","BAG1",0,0.631736465562715,2596.25197162816,0.0153846153846154
"741","ENSG00000065054","HGNC:11076","SLC9A3R2",0,0.589654294070245,3194.00894469673,0.00909090909090909
"742","ENSG00000275074","HGNC:26194","NUDT18",0,0.512196257772389,277.546508719364,0.0153846153846154
"743","ENSG00000185950","HGNC:6126","IRS2",0,0.385204987198857,712.195184727168,0.035
"744","ENSG00000157110","HGNC:19097","RBPMS",0,0.33472461369822,1174.45273397856,0.005
"745","ENSG00000213722","HGNC:2716","DDAH2",0,0.317258662240739,1406.71741866347,0.0153846153846154
"746","ENSG00000130522","HGNC:6206","JUND",0,0.3110234464291,3196.92340131245,0.00531914893617021
"747","ENSG00000127445","HGNC:8988","PIN1",0,0.262127562173987,422.03194385909,0.02
"748","ENSG00000185043","HGNC:16920","CIB1",0,0.236414754762961,2055.9313118047,0.00523560209424084
"749","ENSG00000255302","HGNC:1191","EID1",0,0.223559928598661,1591.78910576831,0.00523560209424084
"750","ENSG00000134086","HGNC:12687","VHL",0,0.183169398584489,486.608176236507,0.02
"751","ENSG00000136936","HGNC:12814","XPA",0,0.182124882472716,126.500726246551,0.005
"752","ENSG00000179588","HGNC:19762","ZFPM1",0,0.172818150058614,81.2924804327625,0.031413612565445
"753","ENSG00000128185","HGNC:18551","DGCR6L",0,0.16616754084896,285.221681993984,0.045
"754","ENSG00000078140","HGNC:4914","UBE2K",0,0.161748638903664,1230.25227211345,0.0153846153846154
"755","ENSG00000214114","HGNC:7554","MYCBP",0,0.159012263634892,299.633945183894,0.0372340425531915
"756","ENSG00000109270","HGNC:15606","LAMTOR3",0,0.136088834565835,321.121429429274,0.02
"757","ENSG00000141551","HGNC:2452","CSNK1D",0,0.130765401235503,1287.83521232497,0.0307692307692308
"758","ENSG00000100324","HGNC:18157","TAB1",0,0.10772660369249,190.866293661092,0.03
"759","ENSG00000088832","HGNC:3711","FKBP1A",0,-0.152554081502938,-2095.500888083,0.0176470588235294
"760","ENSG00000075914","HGNC:28112","EXOSC7",0,-0.18013182933027,-323.875775256137,0.015
"761","ENSG00000261371","HGNC:8823","PECAM1",0,-0.184287546847902,-2424.14587434826,0.01
"762","ENSG00000277443","HGNC:6759","MARCKS",0,-0.191013718486653,-2869.03797113642,0.035
"763","ENSG00000103653","HGNC:2444","CSK",0,-0.192010915153485,-1280.52921778434,0.00704225352112676
"764","ENSG00000167526","HGNC:10303","RPL13",0,-0.193661758801346,-9760.6353054807,0.015
"765","ENSG00000124614","HGNC:10383","RPS10",0,-0.241516108365127,-2715.27873189776,0.0372340425531915
"766","ENSG00000090520","HGNC:14889","DNAJB11",0,-0.247210386084098,-1241.52596708834,0.02
"767","ENSG00000179218","HGNC:1455","CALR",0,-0.263334842733954,-18327.5941785162,0.005
"768","ENSG00000186827","HGNC:11918","TNFRSF4",0,-0.263641887513275,-95.710770125148,0.045
"769","ENSG00000034152","HGNC:6843","MAP2K3",0,-0.264259359421337,-949.554719648726,0.005
"770","ENSG00000099804","HGNC:1734","CDC34",0,-0.287151907957945,-1129.66973885914,0.0153846153846154
"771","ENSG00000149257","HGNC:1546","SERPINH1",0,-0.287963687431594,-6036.14530927136,0.00588235294117647
"772","ENSG00000167900","HGNC:11830","TK1",0,-0.297742967810707,-1383.36333237747,0.0471204188481675
"773","ENSG00000099985","HGNC:8506","OSM",0,-0.318742127762829,-105.348375694506,0.035
"774","ENSG00000133818","HGNC:17271","RRAS2",0,-0.345614873690685,-337.468542657238,0.005
"775","ENSG00000172216","HGNC:1834","CEBPB",0,-0.404261909003475,-2681.36437578101,0.00531914893617021
"776","ENSG00000177688","HGNC:21181","SUMO4",0,-0.446457157260164,-5.21101567101631,0.005
